{
  "global_mean": 0.4128724715701157,
  "global_std": 0.006457042722070404,
  "foldlocal_mean": 0.4126550339759742,
  "foldlocal_std": 0.006375660105998738,
  "delta": -0.00021743759414150077,
  "global_folds": [
    0.42081726780095463,
    0.41101997618059516,
    0.4109287413479269,
    0.40275045145540667,
    0.4188459210656953
  ],
  "foldlocal_folds": [
    0.4218072129646415,
    0.41074263820815526,
    0.4085271538100701,
    0.4042454627425732,
    0.41795270215443103
  ]
}