{
  "strategy": "mean",
  "MAE_mean": 4.3205476533407,
  "MAE_std": 0.04195040158593481,
  "RMSE_mean": 5.241193875649801,
  "RMSE_std": 0.04190143669805562,
  "R2_mean": -0.00033209868208388115,
  "R2_std": 0.00037993794506759873
}