{
  "model": "CatBoost",
  "train": {
    "MAE": 2.811012727040964,
    "RMSE": 3.657308104601867,
    "R2": 0.5136214156759209
  },
  "holdout": {
    "MAE": 3.150556823536224,
    "RMSE": 4.075514092449409,
    "R2": 0.39235320659818107
  },
  "R2_gap_train_minus_holdout": 0.12126820907773983
}