Model,MAE_mean,MAE_std,RMSE_mean,RMSE_std,R2_mean,R2_std,Status
LightGBM,3.078223248607528,0.05505160999870184,3.9789716225839884,0.0868711853042104,0.42509153804954075,0.027243076552729843,ok
XGBoost,3.1082565922540355,0.05105939330937462,3.990628570593865,0.07853759325445181,0.42172626083552806,0.025987345075077037,ok
CatBoost,3.149350306902515,0.05782413239232673,4.014503427409098,0.08522157105061745,0.41467533769760045,0.029836454910684783,ok
RandomForest,3.1644032243612257,0.03386788432786794,4.148747515456039,0.06099352035293385,0.3751060581016389,0.02189960842767412,ok
