Model,MAE,RMSE,R2,Status
LightGBM,3.1247453540277776,4.01578368058179,0.40157559881335425,ok
XGBoost,3.1517273385848297,4.0266848220178835,0.3983222545949847,ok
CatBoost,3.1830681372346783,4.049265743249533,0.39155513299363975,ok
RandomForest,3.212308631653698,4.165192589250042,0.3562179745186749,ok
