model,MAE,RMSE,R2
CatBoost,3.150556823536224,4.075514092449409,0.39235320659818107
XGBoost,3.1542511989510458,4.095495607038519,0.38638023372263974
LightGBM,3.1525340018311017,4.109349950156031,0.3822216757340955
HistGBM,3.173312662642743,4.119232701410654,0.3792466596895655
Ridge,3.344856733696742,4.263449814355112,0.33501978739039184
RandomForest,3.3082809365674315,4.365374567102705,0.30284485012933204
