DOI,kayit_sayisi
(eksik DOI),286
10.1016/j.xcrp.2024.102058,127
10.1021/acsnano.7b02015,122
10.1002/cphc.201600230,96
10.1039/c7ra06365b,77
10.1021/acs.nanolett.9b00936,63
10.1021/acssuschemeng.8b05139,62
10.1002/adma.201802763,61
10.1021/acs.jpcc.8b11898,60
10.1021/jacs.6b08347,60
10.1021/acsaem.8b01430,56
10.1002/adma.201604984,55
10.1002/smll.201802033,54
10.1039/C6EE00030D,49
10.1039/c4tc02249a,49
10.1109/JPHOTOV.2018.2870320,44
10.1021/acsaem.9b00486,43
10.1002/adma.201506049,42
10.1039/c9se00513g,42
10.1021/acsnano.7b02867,42
10.1002/adma.201706576,41
10.1039/c8ee01136b,41
10.1039/c7cc03444j,41
10.1021/acsaem.8b00425,40
10.1039/c8ta09838g,40
10.1021/acsaem.9b00058,40
10.1039/c6tc04647a,40
10.1002/aenm.202200661,40
10.1021/am5057807,40
10.1021/acsami.7b02924,37
10.1039/d1ta04330g,37
10.1021/acsaem.9b01298,37
10.1039/c7nr04692h,36
10.1002/cphc.201700910,36
10.1021/acsami.8b12463,35
10.1021/acsenergylett.7b00614,35
10.1002/admi.201901406,34
10.1039/c9ta07595j,34
10.1021/acsaem.9b00260,34
10.1016/j.nanoen.2019.104362,34
10.1039/c8ta00492g,33
10.1002/adfm.201902974,32
10.1002/advs.201700204,32
10.1126/science.aat3583,32
10.1039/c8ta07318j,32
10.1039/d0ee00132e,32
10.1021/acsami.9b09171,31
10.1088/1361-6463/aab0d8,31
10.1126/science.aap9282,31
10.1021/acs.nanolett.8b03552,31
10.1039/c8ta06391e,30
10.1002/aenm.201901524,30
10.1038/s41467-019-08455-z,30
10.1016/j.jpowsour.2014.12.104,30
10.1002/aenm.201500568,30
10.1021/acsami.7b15008,30
10.1021/acsaem.8b01115,30
10.1039/c7ta09740a,30
10.1021/acsami.6b08863,30
10.1002/adma.201703670,29
10.1002/adfm.201905883,29
10.1039/c9ta01569h,29
10.1038/s41566-019-0398-2,29
10.1039/c8ee00754c,29
10.1016/j.mtcomm.2017.09.007,29
10.1021/acs.jpclett.5b00408,28
10.3390/ma11081417,28
10.1039/c4nr02425g,28
10.1002/aenm.201703143,28
10.1038/s41560-017-0054-3,28
10.1021/acsenergylett.9b02375,28
10.1002/aenm.201803396,28
10.1021/nn404323g,27
10.1021/acs.jpcc.8b04613,27
10.1002/adfm.201906763,27
10.1002/aenm.201700226,27
10.1002/ente.201700474,27
10.1039/c7ta10366b,27
10.1021/acs.chemmater.8b04064,27
10.1002/solr.201800207,26
10.1016/j.solmat.2018.08.020,26
10.1002/aenm.201802346,26
10.1002/adma.201808357,26
10.1039/c9sc01697j,26
10.1021/acsaem.8b00915,26
10.1002/aenm.201700683,26
10.1002/adfm.201808059,26
10.1021/acssuschemeng.8b03604,26
10.1016/j.nanoen.2015.10.010,26
10.1039/c8ta02540a,26
10.1088/1674-1056/27/3/038402,26
10.1021/acs.jpcc.5b07950,26
10.1002/asia.201700173,26
10.1021/acsami.9b13952,25
10.1002/adma.201606774,25
10.1038/s41560-017-0067-y,25
10.1021/acsami.5b01330,25
10.1039/c4ee00233d,24
10.1002/aenm.201800591,24
10.1002/admi.201600122,24
10.1039/c9ee00872a,24
10.1002/adem.201900288,24
10.1002/aenm.201903369,24
10.1021/acsami.8b02987,24
10.1039/c4ee03664f,24
10.1021/acs.jpcc.9b05931,24
10.1021/acsami.8b16601,24
10.1039/c6ta09036b,24
10.1016/j.spmi.2017.09.048,24
10.1002/adfm.201702613,24
10.1002/aenm.201701688,24
10.1021/acsami.7b09153,24
10.1039/c6ta04053e,24
10.1016/j.solener.2017.09.039,24
10.1021/acsaem.1c00810,24
10.1021/acs.chemmater.6b00711,24
10.1002/advs.201600504,24
10.1039/c6ta05209f,23
10.1021/acs.nanolett.7b00847,23
10.1039/c4cp04902k,23
10.1039/c8ee00162f,23
10.1007/s10853-017-1842-7,23
10.1039/c6mh00160b,23
10.1002/aenm.201800438,23
10.1039/c4ra13212b,23
10.1002/adfm.201806779,22
10.1016/j.nanoen.2018.07.027,22
10.1002/adma.201503298,22
10.1002/admi.201901259,22
10.1021/acsenergylett.9b01356,22
10.1021/am506886d,22
10.1039/c9ra00043g,22
10.1021/jacs.6b06320,22
10.1039/c6qi00580b,22
10.1021/acsnano.7b07754,22
10.1039/c9ta08791e,22
10.1002/adfm.201808667,22
10.1002/aenm.201702287,22
10.1016/j.nanoen.2018.04.042,22
10.1002/smtd.201900398,21
10.1126/science.aaa0472,21
10.1039/c5nr01988e,21
10.1039/c7ta10945h,21
10.1039/c9ta06009j,21
10.1016/j.jssc.2019.05.027,21
10.1002/aenm.201601193,21
10.1016/j.orgel.2019.03.021,21
10.1038/s41467-018-05454-4,21
10.1002/smll.202001535,21
10.1016/j.electacta.2018.01.017,21
10.1039/c9ta01755k,21
10.1021/acsaem.8b01413,21
10.1016/j.jechem.2019.04.019,20
10.1021/acsami.8b12675,20
10.1016/j.tsf.2017.07.003,20
10.1002/aenm.201601055,20
10.1002/aenm.201902898,20
10.1016/j.orgel.2018.10.028,20
10.1002/cssc.201600051,20
10.1016/j.apsusc.2017.12.140,20
10.1109/JPHOTOV.2018.2809464,20
10.1039/c5ta08450d,20
10.1002/adfm.201501264,20
10.1016/j.jpowsour.2017.10.079,20
10.1021/nn4052309,20
10.1039/c5ee03874j,20
10.1126/science.aah5557,20
10.1038/srep03132,20
10.1002/pssa.201700509,20
10.1039/c9ra06631d,20
10.1039/c7sc05484j,20
10.1002/adfm.201809194,20
10.1021/acsenergylett.7b00171,20
10.1016/j.solener.2018.11.020,20
10.1246/cl.190692,20
10.1039/c9tc03259b,20
10.1002/adfm.201807094,20
10.1002/cssc.201501659,20
10.1039/c7ta01327b,20
10.1021/jacs.5b11008,19
10.1016/j.chempr.2019.02.025,19
10.1002/cssc.201901948,19
10.1038/s41467-018-06317-8,19
10.1039/c7nr00372b,19
10.1039/c7ta02228j,19
10.1039/c7cc04606e,19
10.1002/aenm.201401808,19
10.1016/j.nanoen.2017.06.039,19
10.1002/aenm.201600502,19
10.1002/solr.201800164,19
10.1002/adma.201603747,19
10.1021/acsaem.8b02047,19
10.1002/adom.201700615,19
10.1039/c4cc04908j,19
10.1039/c7se00538e,19
10.1039/c9ta02459j,19
10.1002/adfm.201703068,19
10.1016/j.orgel.2015.05.028,18
10.1063/1.4885548,18
10.1016/j.mssp.2018.10.035,18
10.1016/j.electacta.2017.07.061,18
10.1038/NNANO.2015.230,18
10.1021/acsami.6b03724,18
10.1021/acs.jpcc.9b02621,18
10.1039/c9ra03068a,18
10.1002/adma.201501145,18
10.1021/acsaem.8b01122,18
10.1038/s41467-019-08980-x,18
10.1039/c8ta00479j,18
10.1039/c6ta07972e,18
10.1002/cssc.201700635,18
10.1039/c6ta07750a,18
10.1039/c8nr00540k,18
10.1021/acsami.5b04040,18
10.1002/cssc.201801171,18
10.1039/c9ta08351k,18
10.1109/JPHOTOV.2017.2651108,18
10.1002/solr.201800147,18
10.1016/j.nanoen.2015.08.023,18
10.1139/cjc-2015-0427,18
10.1021/acsami.5b00895,18
10.1021/acssuschemeng.8b00607,18
10.1039/c6qm00097e,18
10.1039/c5ta07983g,18
10.1038/srep21257,18
10.1002/aenm.201801509,18
10.1039/c9ta11744j,18
10.1002/hlca.202000044,18
10.1016/j.cej.2019.121930,17
10.1039/c8ta01143e,17
10.1021/acsaem.8b00277,17
10.1126/science.aay7044,17
10.1016/j.orgel.2019.07.004,17
10.1016/j.solmat.2019.03.014,17
10.1039/c7ta06679a,17
10.1021/acsami.7b02223,17
10.1002/adom.201801153,17
10.1021/acs.jpcc.8b02163,17
10.1016/j.nanoen.2016.08.006,17
10.1016/j.solener.2018.12.065,17
10.1021/acs.nanolett.6b03857,17
10.1002/adma.201601505,17
10.1039/c7ta05720b,17
10.1016/j.apsusc.2018.07.083,17
10.1002/adma.201804402,17
10.1109/JPHOTOV.2018.2810844,17
10.1002/adma.201907361,17
10.1016/j.solmat.2017.04.029,17
10.1039/c7ee01145h,17
10.1016/j.joule.2018.05.004,17
10.1039/c9se00306a,16
10.1021/acsnano.8b06062,16
10.1016/j.nanoen.2019.103964,16
10.1002/adfm.201803130,16
10.1002/solr.201800289,16
10.1021/acsami.7b13380,16
10.1002/adma.201606363,16
10.1039/c7se00435d,16
10.1002/aenm.201801892,16
10.1126/sciadv.1700106,16
10.1016/j.orgel.2019.03.047,16
10.1002/adma.201901284,16
10.1021/acs.chemmater.9b03277,16
10.1002/aenm.201901566,16
10.1002/smll.201904715,16
10.3390/molecules24193466,16
10.1039/c9ee02268f,16
10.1016/j.orgel.2018.01.009,16
10.1039/c6ta04503k,16
10.1002/aenm.201700977,16
10.1039/c8nr06095a,16
10.1007/s10854-017-8094-9,16
10.3390/nano8110897,16
10.1039/C9TA07238A,16
10.1016/j.orgel.2019.07.007,16
10.1021/jacs.7b10430,16
10.1016/j.orgel.2016.09.009,16
10.1016/j.nanoen.2017.11.069,16
10.1016/j.orgel.2018.11.037,16
10.1063/1.4974793,16
10.1002/aenm.201802323,16
10.1016/j.nanoen.2019.03.029,16
10.1021/acsenergylett.6b00514,16
10.1039/C6TA07712A,16
10.1021/acs.jpcc.7b12464,16
10.3390/coatings7030036,16
10.1002/cssc.201800610,16
10.1038/s41598-018-20228-0,16
10.1039/c8ta06730a,16
10.1166/jnn.2019.16437,16
10.1002/ente.201800378,16
10.1039/c7ta01383c,16
10.1021/jacs.5b06444,16
10.1039/c6ta00168h,16
10.1016/j.nanoen.2016.10.030,16
10.1039/c8cp01385c,16
10.1039/c5dt02587g,16
10.1039/c4cc04680c,16
10.1002/smll.201501460,16
10.1038/s41560-018-0324-8,16
10.1039/c8ta10876e,16
10.1016/j.jcis.2018.07.100,16
10.1007/s10853-018-2685-6,16
10.1016/j.solmat.2016.10.022,16
10.1039/c4ta06198e,16
10.1002/advs.201802040,16
10.1021/acsaem.9b00531,16
10.1002/cssc.201601027,16
10.1016/j.tsf.2018.03.057,16
10.1016/j.nanoen.2016.10.027,16
10.1016/j.jpowsour.2019.227269,16
10.1016/j.jpowsour.2019.227267,16
10.1039/c9nr05719f,16
10.1021/jacs.9b08424,16
10.1038/ncomms10214,16
10.1021/acsami.8b03116,16
10.1016/j.nanoen.2018.04.027,16
10.1039/c8tc01870g,16
10.1007/s00339-019-2866-4,16
10.1016/j.nanoen.2017.03.001,16
10.1016/j.orgel.2019.105430,16
10.1016/j.joule.2020.01.004,16
10.1039/c8ta09859j,15
10.1016/j.solmat.2017.08.010,15
10.1002/aenm.201502317,15
10.1021/jacs.7b10898,15
10.1002/aenm.201800568,15
10.1016/j.jpowsour.2018.04.031,15
10.1039/c5dt00396b,15
10.1002/solr.201900468,15
10.1016/j.nanoen.2017.10.026,15
10.1039/c8ta11945g,15
10.1016/j.jechem.2019.03.023,15
10.1039/c5ta02206a,15
10.1039/c5nr05563f,15
10.1039/c5nr07789c,15
10.1002/adma.201902222,15
10.1016/j.jpowsour.2019.03.037,15
10.1016/j.solener.2019.05.007,15
10.1039/C6TA11181E,15
10.1039/c7ra00066a,15
10.1038/ncomms10030,15
10.1021/acsami.7b16349,15
10.1002/adfm.201801237,15
10.1039/c7tc00966f,15
10.1039/c8ee01799a,15
10.1002/aenm.201803047,15
10.1016/j.apsusc.2019.144478,15
10.1002/solr.201600019,15
10.1016/j.nanoen.2016.08.016,15
10.1002/aenm.201602922,15
10.1016/j.orgel.2018.05.030,15
10.1002/solr.201800216,15
10.1088/1361-6528/aa5bec,15
10.1039/c8ta07694d,15
10.1002/aenm.201800185,15
10.1002/adfm.201900265,15
10.1039/c6ee02390h,15
10.1039/D1TA05699A,15
10.1021/acsaem.8b00518,15
10.1016/j.jpowsour.2015.10.023,15
10.1039/c7se00383h,15
10.1021/acs.nanolett.7b00200,15
10.1039/c8ta12060a,15
10.1002/solr.201800088,15
10.1021/acsaem.8b02232,15
10.1016/j.solener.2019.02.056,15
10.1002/aenm.202001567,15
10.1016/j.nanoen.2019.104015,14
10.1002/adma.201904408,14
10.1016/j.apmt.2017.11.003,14
10.1002/anie.201702265,14
10.1016/j.nanoen.2016.09.009,14
10.1021/acs.chemmater.6b03445,14
10.1002/aenm.201903365,14
10.1016/j.orgel.2019.01.044,14
10.1002/admi.201700598,14
10.1021/acs.nanolett.8b00025,14
10.1038/srep37378,14
10.1016/j.jallcom.2018.10.190,14
10.1021/acsami.9b01587,14
10.1039/c8ta00948a,14
10.1002/aenm.201702714,14
10.1016/j.electacta.2019.04.123,14
10.1038/nature22072,14
10.1002/cssc.201700340,14
10.1002/smll.201802738,14
10.1021/acsami.8b02090,14
10.1021/jacs.5b11740,14
10.1002/adma.201904494,14
10.1002/aenm.201501873,14
10.1002/adfm.201603968,14
10.1002/adma.201505241,14
10.1039/c8nr05504a,14
10.1039/c9ta02142f,14
10.1039/c5ta08996d,14
10.1039/c7nr07753j,14
10.1016/j.solener.2018.08.004,14
10.1021/acsami.8b06616,14
10.1016/j.nanoen.2016.04.057,14
10.1002/adfm.201706317,14
10.1039/c7ta08040a,14
10.3390/ma12091406,14
10.1039/c8ta01049h,14
10.1038/s41467-018-04636-4,14
10.1002/adfm.201706377,14
10.1002/aenm.201802774,14
10.1016/j.mssp.2019.104809,14
10.1016/j.solener.2019.05.060,14
10.1021/acs.cgd.9b00024,14
10.1016/j.nanoen.2018.11.053,14
10.1021/acsaem.8b01128,14
10.1038/s41467-018-06915-6,14
10.1007/s10854-018-00628-8,14
10.1016/j.jallcom.2016.10.106,14
10.1021/acsami.5b09442,14
10.1039/c7nr04362g,14
10.1021/acsami.6b09978,14
10.1021/jacs.6b10227,14
10.1016/j.solmat.2017.05.071,14
10.1021/acs.jpclett.5b00122,14
10.2109/jcersj2.15250,14
10.1002/aenm.202000566,14
10.1039/c7ee02685d,14
10.1021/acs.nanolett.9b01652,14
10.1039/c4ee02465f,14
10.1039/c9ta10597b,14
10.1016/j.solener.2019.09.056,14
10.1021/acsami.9b12179,14
10.1039/c5mh00170f,14
10.1007/s40843-018-9343-1,14
10.1039/c8ra03175d,14
10.1002/solr.201900140,14
10.1039/c6ee02100j,14
10.1126/science.aau5701,14
10.1038/srep30759,14
10.1016/j.solener.2019.04.071,14
10.1021/acsomega.8b00026,14
10.1002/smtd.201700250,14
10.1016/j.jechem.2015.10.003,14
10.1002/solr.202000107,14
10.1002/adma.201801948,14
10.1002/aenm.201901341,14
10.1021/acsami.0c08396,14
10.1126/sciadv.aat3604,14
10.1039/c8ta05541f,14
10.1002/asia.201901452,13
10.1002/solr.201800027,13
10.1039/c7ta06163c,13
10.1039/c7ee03513f,13
10.1126/science.aam5655,13
10.1021/acs.chemmater.5b02378,13
10.7567/1347-4065/ab073e,13
10.1002/solr.201900293,13
10.1016/j.solmat.2019.109995,13
10.1016/j.spmi.2018.07.024,13
10.1007/s10853-017-1264-6,13
10.1039/c9ta07349c,13
10.1016/j.jpowsour.2019.226957,13
10.1002/adma.201805554,13
10.1021/acsaem.8b00561,13
10.1021/acsenergylett.8b00692,13
10.1016/j.synthmet.2017.08.007,13
10.1021/jacs.8b01783,13
10.1021/acsami.7b18745,13
10.1021/acs.chemmater.6b02744,13
10.1016/j.apsusc.2016.03.079,13
10.1021/acsaem.8b00602,13
10.1002/solr.201800118,13
10.1039/c9tc03877a,13
10.1016/j.solener.2018.05.049,13
10.1021/acs.jpcc.8b05374,13
10.1021/acs.chemmater.5b03137,13
10.1126/science.aaf9717,13
10.1002/solr.201700217,13
10.1016/j.solmat.2016.03.001,13
10.1021/acs.jpcc.7b06963,13
10.1016/j.jpowsour.2017.01.010,13
10.1002/admt.201800688,13
10.1039/c7ta11154a,13
10.1007/s12274-017-1896-5,13
10.1039/c7ee00899f,13
10.1021/acsenergylett.8b01181,13
10.1002/adma.201503406,13
10.1002/adma.201800568,13
10.1021/jacs.8b11001,13
10.1021/acs.jpclett.7b02679,13
10.1126/sciadv.aav8925,13
10.1016/j.nanoen.2016.06.007,13
10.1002/smll.201803339,13
10.1016/j.apsusc.2019.01.289,13
10.1002/ente.201800905,13
10.1039/c8ta12206g,13
10.1002/aenm.201502104,13
10.1016/j.nanoen.2019.103866,13
10.1039/c8ta08819e,13
10.1021/acs.chemmater.8b01521,13
10.1021/acsenergylett.9b02262,13
10.1002/adfm.201700920,13
10.1021/acsami.7b05718,13
10.3389/fmats.2019.00310,13
10.1002/adma.201905766,13
10.1063/1.4985826,13
10.1016/j.nanoen.2016.06.047,13
10.1038/srep07725,13
10.1039/c9ta05744g,13
10.1038/s41560-019-0400-8,13
10.1016/j.solener.2018.09.016,13
10.1038/srep46724,13
10.1002/adma.202001470,13
10.1021/acsami.7b14735,13
10.1039/c6nr01152g,13
10.1016/j.jpowsour.2019.05.005,13
10.1039/c9ta05241k,13
10.1016/j.jpowsour.2019.227216,13
10.1039/c5nr07395b,13
10.1021/acsami.6b02064,13
10.1016/j.jpowsour.2017.03.087,13
10.1002/solr.202300770,13
10.1039/c5nr01433f,12
10.1021/acs.nanolett.5b01917,12
10.1016/j.joule.2017.11.006,12
10.1002/adfm.201806831,12
10.1002/solr.201900128,12
10.1039/c9ta08042b,12
10.1016/j.apsusc.2017.11.124,12
10.1016/j.jallcom.2019.06.161,12
10.1002/aenm.201700210,12
10.1002/aenm.201801717,12
10.1039/c8nr03580f,12
10.1021/nl504349z,12
10.1021/acsaem.8b01076,12
10.1021/acsami.8b05949,12
10.1039/c8tc01570h,12
10.1021/acsaem.8b00509,12
10.1002/advs.201700031,12
10.1016/j.solmat.2016.03.024,12
10.1016/j.solener.2017.03.035,12
10.1002/smll.201704007,12
10.1039/c8ta10510c,12
10.1002/advs.201801123,12
10.1039/c4ta03387f,12
10.1016/j.solmat.2018.01.025,12
10.1016/j.nanoen.2018.12.097,12
10.1039/c5ta03693c,12
10.1021/acs.chemmater.8b02002,12
10.1021/acsami.8b08383,12
10.1039/c6cc07062k,12
10.1002/solr.201900370,12
10.1002/adem.201900976,12
10.1039/c9sc01183h,12
10.1002/adma.201904702,12
10.3390/ma12193142,12
10.1063/1.5124539,12
10.1002/smtd.201900476,12
10.1016/j.nanoen.2016.10.044,12
10.1038/s41598-018-19612-7,12
10.1039/c6nr00206d,12
10.1039/c8ta02672f,12
10.1039/c5ee03620h,12
10.1039/c6nr00301j,12
10.1021/acssuschemeng.8b06619,12
10.1038/NENERGY.2016.178,12
10.1021/acsami.8b00021,12
10.1021/acsami.9b06356,12
10.1021/acsami.9b11229,12
10.1039/C6CP08177K,12
10.1039/C9TC04264D,12
10.1002/cnma.201900133,12
10.1039/c7ta07660f,12
10.1002/adma.201401137,12
10.1039/c8ta04919j,12
10.1016/j.optmat.2016.07.039,12
10.1002/cssc.201800658,12
10.1039/c7ta11280g,12
10.1126/science.aah4046,12
10.1039/c8ta09806a,12
10.1016/j.apsusc.2018.01.005,12
10.1002/cnma.201800009,12
10.1039/c9cc04364k,12
10.1016/j.nanoen.2017.08.014,12
10.1016/j.nanoen.2019.103865,12
10.1039/c4nr02751e,12
10.1021/acsami.7b18945,12
10.1038/am.2015.86,12
10.1039/c9ta00398c,12
10.1002/aenm.201702182,12
10.1002/anie.201810809,12
10.1016/j.joule.2019.04.005,12
10.1002/cssc.201600942,12
10.1021/acsami.8b14954,12
10.1002/cptc.201900245,12
10.1002/adma.201602696,12
10.1002/aenm.201400345,12
10.1016/j.apsusc.2018.12.118,12
10.1039/c8tc00768c,12
10.1021/jacs.8b04604,12
10.1021/acsomega.7b00538,12
10.1039/c8ra01199k,12
10.2109/jcersj2.16279,12
10.1016/j.nanoen.2016.05.003,12
10.1039/c7ta01764b,12
10.1016/j.solener.2016.10.003,12
10.1039/c7ta11345e,12
10.1002/admi.201900434,12
10.1002/adma.201401685,12
10.1021/acsami.7b14592,12
10.1039/c8ee00580j,12
10.1039/c6ra07536c,12
10.1016/j.jallcom.2019.05.051,12
10.1142/S0218625X19500197,12
10.1002/aenm.201703519,12
10.1016/j.solmat.2016.05.026,12
10.1016/j.solener.2019.01.097,12
10.1021/acsnano.8b05731,12
10.1039/c8ta10170a,12
10.1016/j.nanoen.2014.11.014,12
10.1186/s40580-017-0120-3,12
10.1038/srep34319,12
10.1126/science.aao5561,12
10.1002/ente.201500045,12
10.1016/j.isci.2018.11.003,12
10.1039/c6ta07647e,12
10.1021/acsami.7b11168,12
10.1039/c6ta09174a,12
10.1021/acsaem.8b00566,12
10.1039/c9ra01309a,12
10.1021/acsami.8b11459,12
10.1039/c8cc08283a,12
10.1038/NENERGY.2016.81,12
10.1039/c9cc07517h,12
10.1002/solr.201900198,12
10.1002/solr.201800359,12
10.1002/admi.201900939,12
10.1002/admi.201901716,12
10.1021/acsami.5b12776,12
10.1021/acsnano.8b02079,12
10.1039/c8ta10975c,12
10.1039/c5ta10661c,12
10.1002/aenm.201502101,12
10.1002/smll.201900606,12
10.1002/advs.201700018,12
10.1016/j.orgel.2018.08.013,12
10.1039/c6ta07876a,12
10.1039/c8tc02237b,12
10.1002/aenm.201700763,12
10.1002/aenm.201701722,12
10.1039/c5ta01200g,12
10.1021/acsami.8b11049,12
10.1021/acsami.5b05787,12
10.1021/acsaem.9b01924,12
10.1021/acs.jpcc.7b05880,12
10.1117/1.JPE.5.057405,12
10.1021/acsenergylett.8b01165,12
10.1002/asia.201800454,12
10.1039/c8ta00267c,12
10.1016/j.nanoen.2017.05.040,12
10.1002/adma.201606806,12
10.1039/c6ta05938d,12
10.1039/c6ee01037g,12
10.1038/s41560-019-0406-2,12
10.1002/adfm.201806427,12
10.1002/solr.201900109,12
10.1117/1.JPE.8.045501,12
10.1002/aelm.201900884,12
10.1002/adfm.201909509,12
10.1002/solr.201900266,12
10.1002/solr.201900278,12
10.1016/j.jechem.2019.08.012,12
10.1002/solr.201900061,12
10.1021/jacs.7b09018,12
10.1016/j.isci.2019.03.015,12
10.1002/aenm.201902708,12
10.1016/j.polymer.2019.121973,12
10.1002/solr.201900245,12
10.1016/S1872-2067(15)60929-9,12
10.1002/adma.201705596,12
10.1021/acsami.9b05567,12
10.1039/c6ee00409a,12
10.1021/acsami.7b04894,12
10.1021/acsenergylett.8b00607,12
10.1038/s41598-019-41328-5,12
10.1142/S1793292018501023,12
10.1016/j.optmat.2018.07.072,12
10.1039/c8qm00159f,12
10.1016/j.jssc.2018.12.007,12
10.1021/acsami.8b17431,12
10.1002/aenm.201502087,12
10.1039/d0ta00978d,12
10.1007/s40820-020-00509-y,12
10.1002/solr.202000098,12
10.1007/s10853-018-2752-z,12
10.1002/adfm.201909738,12
10.1002/adfm.201904300,12
10.1002/solr.202000082,12
10.1039/d0nr01142h,12
10.1002/solr.202000191,12
10.1002/aenm.201703399,12
10.1021/acs.jpcc.8b02141,12
10.1021/acsami.6b13372,12
10.1021/acsami.7b05689,12
10.1002/aenm.201702934,12
10.1021/acsnano.9b07594,12
10.1039/c8ta05756g,12
10.1002/admi.201800993,12
10.1016/j.tsf.2018.08.015,12
10.1021/acs.jpcc.9b02371,12
10.1117/12.2240755,12
10.1038/s41598-018-36685-6,12
10.1002/adem.201801196,12
10.1002/aenm.201901019,12
10.1021/acsenergylett.8b00328,12
10.1021/acsami.0c03180,12
10.1021/acsaem.0c02405,12
10.21203/rs.3.rs-1722290/v1,12
10.1021/acssuschemeng.9b03776,11
10.1016/j.nanoen.2018.08.072,11
10.1039/c8ta06436a,11
10.1016/j.apsusc.2017.08.184,11
10.1021/acsami.7b07627,11
10.1016/j.electacta.2016.05.122,11
10.1016/j.orgel.2016.11.031,11
10.1021/acs.chemmater.6b02583,11
10.1021/acsenergylett.9b01042,11
10.1021/acsaem.8b00293,11
10.3390/en11081963,11
10.1002/adfm.201803126,11
10.1016/j.electacta.2017.02.028,11
10.1039/c5ta00568j,11
10.1016/j.ijleo.2018.09.066,11
10.1016/j.solmat.2015.06.024,11
10.1021/acsami.7b16662,11
10.1016/j.solener.2018.05.092,11
10.1039/c6ta11004e,11
10.1021/nl504701y,11
10.1002/chem.201801069,11
10.1016/j.nanoen.2016.08.001,11
10.1002/advs.201802094,11
10.1007/s10853-019-03768-2,11
10.1039/c9ta02389e,11
10.1016/j.orgel.2018.05.045,11
10.1021/nl400349b,11
10.1038/srep35705,11
10.1039/C5EE03620H,11
10.1039/C6TA04267H,11
10.1038/srep00591,11
10.1038/NPHOTON.2013.80,11
10.1038/s41467-018-05760-x,11
10.1021/am506785k,11
10.1002/solr.201800083,11
10.1021/acsenergylett.7b00508,11
10.1021/acsami.6b03767,11
10.1002/aenm.201601130,11
10.1002/anie.201800816,11
10.1039/c9ta02566a,11
10.1002/aenm.201803384,11
10.1002/solr.201800284,11
10.1002/aenm.201700677,11
10.1039/c7ta03541a,11
10.1002/cssc.201803043,11
10.1126/science.aad1015,11
10.1039/c6ee00709k,11
10.1016/j.joule.2018.10.018,11
10.1039/c5ta00658a,11
10.1016/j.joule.2018.11.026,11
10.1016/j.solener.2019.03.038,11
10.1021/acsaem.8b02219,11
10.1039/c9ta02835h,11
10.1002/aenm.201801234,11
10.1021/acsami.5b03171,11
10.1039/c9ta04366g,11
10.1063/1.4992783,11
10.1038/s41560-018-0200-6,11
10.1039/c9ta01094g,11
10.1126/science.aai9081,11
10.1021/acsami.6b14270,11
10.1039/c6ta04790d,11
10.1039/c6ta09554b,11
10.1039/c8ta00457a,11
10.1039/c9tc00555b,11
10.1002/slct.201803002,11
10.1021/cm504558g,11
10.1063/1.5021925,11
10.1021/acs.chemmater.9b01025,11
10.1021/acsami.6b15095,11
10.1021/acs.jpcc.7b00419,11
10.1016/j.nanoen.2019.104189,11
10.1021/acsaem.9b01154,11
10.1002/solr.201800352,11
10.1021/jacs.9b11546,11
10.1002/aenm.201700444,11
10.1016/j.isci.2019.11.007,11
10.1021/acsaem.9b00857,11
10.1002/solr.201800313,11
10.1016/j.jpowsour.2018.02.050,11
10.1021/acs.jpcc.8b11650,11
10.1021/acsenergylett.6b00691,11
10.1002/solr.201700184,11
10.1063/1.4914086,11
10.1039/c8ta06925e,11
10.1002/solr.201700046,11
10.1039/c7ta02242e,11
10.1039/d0ta03376f,11
10.1088/1674-1056/ab99ae,11
10.1038/s41467-020-18015-5,11
10.1039/c5ee02155c,11
10.1016/j.jallcom.2019.152903,11
10.1021/acs.nanolett.0c00663,11
10.1021/acsami.0c06211,11
10.1021/acsami.0c11419,11
10.1021/am503728d,11
10.1016/j.nanoen.2016.02.033,11
10.1016/j.solmat.2018.02.015,11
10.1021/acsami.7b06638,10
10.1021/acsami.7b04833,10
10.1016/j.solmat.2015.07.021,10
10.1021/acs.nanolett.7b01211,10
10.1016/j.dyepig.2019.01.059,10
10.1021/acsami.7b19335,10
10.1002/solr.201900209,10
10.1002/adma.201901966,10
10.1039/c9ta09777e,10
10.1002/cssc.201901601,10
10.1021/acsami.9b13259,10
10.1021/acsami.9b12829,10
10.1002/aenm.201701757,10
10.1039/c9ta02629k,10
10.1038/s41467-019-10856-z,10
10.1039/c8tc02923g,10
10.1016/j.orgel.2019.01.029,10
10.1039/c6ta03605h,10
10.1016/j.jechem.2018.10.001,10
10.1016/j.nanoen.2018.07.024,10
10.7567/JJAP.56.08MC05,10
10.1039/c8qm00337h,10
10.1002/cssc.201700150,10
10.1016/j.jpowsour.2017.03.144,10
10.1021/acsaem.9b00346,10
10.1021/acs.jpclett.5b00483,10
10.1002/cssc.201601683,10
10.1016/j.nanoen.2015.02.028,10
10.1063/1.4984284,10
10.1016/j.nanoen.2016.09.004,10
10.1016/j.solener.2018.04.027,10
10.1002/adma.201906995,10
10.1039/c6ra15378j,10
10.1016/j.ceramint.2018.03.228,10
10.1039/c8tc05773g,10
10.1039/c7ra09954a,10
10.1007/s10854-018-0477-z,10
10.1002/admi.201701256,10
10.1002/adfm.201801654,10
10.1002/aenm.201902279,10
10.1002/adfm.201806740,10
10.1039/c9ta09260a,10
10.1039/c9tc03922h,10
10.1002/solr.201900346,10
10.1007/s00706-019-02503-6,10
10.1016/j.electacta.2019.134950,10
10.1088/2053-1591/aab8b4,10
10.1016/j.jpowsour.2017.06.013,10
10.1016/j.materresbull.2018.06.036,10
10.1016/j.orgel.2017.03.019,10
10.1038/nenergy.2017.135,10
10.1039/c6ra11379f,10
10.1039/c7cp00471k,10
10.1039/c6ta03164a,10
10.1039/c8ta10092f,10
10.1039/c6ce00842a,10
10.1016/j.apsusc.2017.08.131,10
10.1039/c6ee03201j,10
10.1007/s10853-018-2780-8,10
10.1039/c6ta03381d,10
10.1007/s12200-018-0847-4,10
10.1021/acsaem.8b00001,10
10.1021/acsami.7b14926,10
10.1016/j.solmat.2017.05.057,10
10.1021/acs.chemmater.8b02970,10
10.1002/smll.201800181,10
10.1021/acsami.6b12637,10
10.1007/s40843-017-9096-2,10
10.1002/solr.201800318,10
10.1021/acsami.7b12367,10
10.1016/j.jpcs.2017.03.020,10
10.1016/j.jpowsour.2018.07.091,10
10.1039/c4nr00130c,10
10.1016/j.electacta.2017.11.183,10
10.1007/s12274-017-1515-5,10
10.1002/admi.201500118,10
10.1002/solr.201700120,10
10.1021/acsami.9b03929,10
10.1016/j.jpowsour.2019.04.039,10
10.1039/c7ta04762b,10
10.1039/c8ta03875a,10
10.1002/aenm.201500328,10
10.1021/acsaem.8b00094,10
10.1002/adma.201902902,10
10.1016/j.scib.2017.08.022,10
10.1021/acsami.7b01038,10
10.1021/acs.chemmater.6b04507,10
10.1016/j.jpowsour.2017.11.062,10
10.1039/c5ta10574a,10
10.1039/c6nr01601d,10
10.1002/adma.201600969,10
10.1007/s12274-014-0592-y,10
10.1016/j.apsusc.2018.01.236,10
10.1002/solr.201800269,10
10.1002/adfm.201900466,10
10.1039/c7ta09174e,10
10.1039/c8se00218e,10
10.1039/c7ra10321b,10
10.1039/c8ta11782a,10
10.1039/c9ta01278h,10
10.1002/solr.201900176,10
10.1002/adma.201903559,10
10.1002/adma.201404147,10
10.1002/aenm.201901980,10
10.1039/c9ee01773a,10
10.1002/adfm.201904684,10
10.1002/adma.201900390,10
10.1002/adma.201502586,10
10.1016/j.jpowsour.2016.04.124,10
10.1039/c7nr02650a,10
10.1021/acsaem.8b01075,10
10.1039/c8ta07043a,10
10.1002/solr.201900096,10
10.1021/acsenergylett.7b00654,10
10.1002/anie.201800019,10
10.1021/acsphotonics.5b00119,10
10.1021/acsenergylett.6b00341,10
10.1016/j.solmat.2018.02.003,10
10.1038/NPHOTON.2014.284,10
10.1002/anie.201606801,10
10.1039/c3cc44177f,10
10.1016/j.joule.2017.09.009,10
10.1016/j.apsusc.2017.06.064,10
10.1080/15421406.2017.1338095,10
10.1016/j.solmat.2019.03.045,10
10.1002/adma.201500465,10
10.1002/adma.201603850,10
10.1021/acs.chemmater.8b04871,10
10.1021/acs.nanolett.6b04019,10
10.1007/s11426-019-9481-3,10
10.1002/adma.201707166,10
10.1021/acsami.7b18761,10
10.1016/j.cplett.2016.09.046,10
10.1039/c4nr06240j,10
10.1002/aenm.201701659,10
10.1016/j.apsusc.2018.11.237,10
10.1039/c8ce00628h,10
10.1016/j.orgel.2017.11.045,10
10.1002/smtd.201700244,10
10.1038/s41467-018-06204-2,10
10.1021/acsami.5b09365,10
10.1039/c5ta05373k,10
10.1002/cssc.201403442,10
10.1021/acsenergylett.8b00786,10
10.1016/j.solener.2019.03.026,10
10.1039/c8tc05864d,10
10.1021/acs.jpcc.6b10288,10
10.1002/asia.201600722,10
10.1039/c7ta04575a,10
10.1142/S179329201950022X,10
10.1016/j.nanoen.2017.10.024,10
10.1016/j.orgel.2019.03.033,10
10.1002/aenm.201903085,10
10.1002/solr.201900234,10
10.1021/acsaem.9b00856,10
10.3390/coatings5040646,10
10.1021/acsami.7b09803,10
10.1016/j.nanoen.2019.03.014,10
10.1002/solr.201700078,10
10.1021/acsomega.7b01775,10
10.1002/adma.201701221,10
10.1039/c4ta02637c,10
10.1021/acsami.5b12123,10
10.1039/c8tc00455b,10
10.1039/c8ta00308d,10
10.1021/acsami.7b16312,10
10.1021/acsenergylett.9b00953,10
10.1002/adma.201604493,10
10.1039/c9ta02916h,10
10.1007/s10854-018-9437-x,10
10.1002/advs.201801079,10
10.1016/j.solener.2018.12.014,10
10.1016/j.nanoen.2017.08.041,10
10.1039/c7ta01203a,10
10.3390/molecules21040542,10
10.1021/acs.jpcc.6b05406,10
10.1016/j.nanoen.2018.06.024,10
10.1016/j.solmat.2016.09.007,10
10.1021/acs.jpcc.5b08294,10
10.1016/j.joule.2019.11.007,10
10.1039/c7ra13744c,10
10.1039/c7qm00396j,10
10.1002/aenm.201900721,10
10.1021/acsaem.9b00162,10
10.1002/smll.202202144,10
10.1016/j.solener.2019.10.067,10
10.1002/solr.202000681,10
10.1002/solr.201900192,10
10.1021/acsaem.9b00708,10
10.1021/acsami.9b14740,10
10.3390/nano9111627,10
10.1002/cssc.201802690,10
10.1039/c9se00153k,10
10.1038/s41467-022-32047-z,10
10.1039/c6ta08655a,10
10.1039/c6ta06851k,10
10.1016/j.apsusc.2017.02.057,10
10.1016/j.nanoen.2019.104099,10
10.1039/c9ta10899h,10
10.1002/solr.201800167,10
10.1039/c5ta01207d,10
10.1039/c5ee00222b,10
10.1186/s11671-016-1540-4,10
10.1021/acsami.7b11901,10
10.1039/c8ta00931g,10
10.1007/s11426-018-9432-x,10
10.1149/07401.0305ecst,10
10.1016/j.electacta.2018.10.043,10
10.1142/S1793604718500881,10
10.1021/acsaem.7b00208,10
10.1039/c8cc06791k,10
10.1155/2016/1975763,10
10.1002/aenm.201700169,10
10.1088/2053-1591/aaeeb2,10
10.1038/nature14133,10
10.1016/j.solener.2019.04.098,10
10.1039/c8ee02542h,10
10.1002/cssc.201903038,10
10.1016/j.solmat.2016.07.010,10
10.1039/c9ta03351c,10
10.1039/c6ta00893c,10
10.1021/acsaem.8b02042,10
10.1002/solr.201900223,10
10.1016/j.solener.2019.07.091,10
10.1021/acsami.9b09238,10
10.1002/aenm.202000691,10
10.1021/acsaem.0c00823,10
10.1016/j.jechem.2019.10.006,10
10.1021/acsenergylett.0c00279,10
10.1021/acsami.9b22657,10
10.1021/acsami.0c07586,10
10.1039/c4tc01875c,10
10.1039/c5ra25787e,10
10.1002/adfm.201907759,10
10.1016/j.spmi.2017.03.011,10
10.1016/j.electacta.2018.09.004,10
10.1038/nenergy.2016.194,10
10.1039/c8ta10094b,10
10.1021/acsami.7b00902,10
10.1016/j.mtener.2016.11.001,10
10.1038/s41598-018-23907-0,10
10.1016/j.nanoen.2016.11.054,10
10.1039/c4ta03674c,10
10.1039/C6TA05095F,10
10.1021/acsami.8b02257,10
10.1039/c8tc01939h,10
10.1021/acsami.0c05527,10
10.1021/jp5126624,9
10.1002/smtd.201900652,9
10.1002/adfm.201807565,9
10.1021/acsami.9b13701,9
10.1002/solr.201900287,9
10.1039/c6ra23074a,9
10.1021/acsnano.6b01575,9
10.1021/acs.jpcc.8b00998,9
10.1021/acs.jpcc.5b11144,9
10.1039/c8cc03672a,9
10.1039/c7ra07475a,9
10.1039/c5ee03229f,9
10.1002/adma.201604186,9
10.1016/j.nanoen.2014.04.017,9
10.1016/j.electacta.2017.03.192,9
10.1021/acs.jpclett.6b02122,9
10.1016/j.nanoen.2016.12.059,9
10.1002/slct.201802792,9
10.1039/c9se00438f,9
10.1002/solr.201700058,9
10.1016/j.jcis.2015.04.041,9
10.1021/acsenergylett.8b00085,9
10.1016/j.nanoen.2019.06.031,9
10.1063/1.4974791,9
10.1021/acs.jpcc.8b07124,9
10.1002/cssc.201801978,9
10.1039/c9ee02020a,9
10.1002/cssc.201601030,9
10.1021/acssuschemeng.9b03913,9
10.1021/acsenergylett.9b01894,9
10.1039/c9ra07048f,9
10.1002/solr.201900130,9
10.1016/j.solener.2018.03.037,9
10.1021/acs.jpcc.5b06859,9
10.1021/acsomega.8b01412,9
10.1039/c4nr04007d,9
10.1039/c8ta03953d,9
10.1016/j.orgel.2015.02.023,9
10.1016/j.jpowsour.2016.09.134,9
10.1002/cssc.201402032,9
10.1039/c8tc04488k,9
10.1021/acs.jpcc.5b03276,9
10.1002/adma.201500523,9
10.1021/acsami.5b10830,9
10.1016/j.nanoen.2016.12.009,9
10.1016/j.apsusc.2019.143610,9
10.1002/smll.201904399,9
10.1002/solr.201900319,9
10.1002/aenm.201700749,9
10.1016/j.orgel.2019.04.029,9
10.1002/adfm.201706287,9
10.1039/c7ta07968k,9
10.1039/c5ra03370e,9
10.1039/c8ta05973j,9
10.7567/1347-4065/ab2535,9
10.1016/j.orgel.2017.07.020,9
10.1039/c9tc02362c,9
10.1016/j.jpowsour.2019.03.039,9
10.1063/1.4895038,9
10.1016/j.nanoen.2017.09.050,9
10.1039/c8ta05264f,9
10.1039/c6ee03586h,9
10.1021/acsami.6b13410,9
10.1039/c7nr02674a,9
10.1039/c9ta01070j,9
10.1002/adfm.201808625,9
10.1038/s41598-018-34432-5,9
10.1021/acsaem.8b01118,9
10.1021/acs.chemmater.9b02468,9
10.1016/j.mattod.2018.10.017,9
10.1016/j.solmat.2019.110071,9
10.1002/adma.201903691,9
10.1021/nn5029828,9
10.1039/c8ra01633j,9
10.1039/c8ta10827g,9
10.1016/j.apsusc.2015.09.215,9
10.1039/c5ee01169h,9
10.1007/s13204-018-0836-3,9
10.1039/c7nr06410a,9
10.1039/c8se00200b,9
10.1088/2053-1583/aad983,9
10.1557/mrc.2018.119,9
10.1002/solr.201700194,9
10.1016/j.jallcom.2016.05.154,9
10.1002/aenm.201903653,9
10.1021/acsaem.9b01997,9
10.1038/s41560-018-0192-2,9
10.1016/j.solmat.2016.09.046,9
10.1038/ncomms16045,9
10.1039/C8TA06771F,9
10.1039/C6EE02100J,9
10.1039/C4TA05070C,9
10.1002/adma.201801401,9
10.1021/acs.jpcc.8b08168,9
10.1117/12.2291595,9
10.1002/adom.201900847,9
10.1039/c6ta04267h,9
10.1016/j.joule.2018.10.011,9
10.1021/nn501096h,9
10.1016/j.nanoen.2018.11.021,9
10.1002/aenm.201901519,9
10.1155/2017/7190801,9
10.1002/adfm.201706777,9
10.1039/c7ta00058h,9
10.1039/c7ee02634j,9
10.1039/c5ta08398b,9
10.1002/adma.201603808,9
10.1016/j.electacta.2017.06.104,9
10.1021/acs.chemmater.5b03991,9
10.1021/acsenergylett.8b00687,9
10.1039/c7ta07139f,9
10.1021/acs.jpcc.7603279,9
10.1002/adfm.201808119,9
10.1038/nature23877,9
10.1039/c6nr00011h,9
10.1039/c6nr09032j,9
10.1002/cphc.201601245,9
10.1021/acsenergylett.6b00241,9
10.1002/adma.201800710,9
10.1021/acs.nanolett.9b00760,9
10.1039/c4ee02833c,9
10.1039/c4ta01786b,9
10.1039/c4ta05070c,9
10.1038/srep46141,9
10.1039/c7ta01636k,9
10.1039/c8nr07638c,9
10.1002/chem.201806317,9
10.1021/acsami.7b05078,9
10.1002/aenm.201602599,9
10.1021/acsami.7b02799,9
10.1007/s40820-016-0094-4,9
10.1002/adma.201604056,9
10.1021/acsnano.8b05555,9
10.1002/smll.201603225,9
10.1016/j.solmat.2019.03.040,9
10.1016/j.nanoen.2019.104286,9
10.1016/j.electacta.2019.135379,9
10.1002/solr.201800339,9
10.1039/c6ta04726b,9
10.1016/j.apsusc.2016.07.072,9
10.1002/adfm.201900484,9
10.1039/c6ee02139e,9
10.1016/j.apsusc.2019.03.164,9
10.1016/j.jpowsour.2015.08.010,9
10.1002/cphc.201800032,9
10.3390/ma12091394,9
10.1039/c7sc05095j,9
10.1002/admt.201800390,9
10.1016/j.apsusc.2019.05.305,9
10.1039/c8tc02906g,9
10.1039/c8ra08334g,9
10.1016/j.orgel.2019.04.041,9
10.1021/acsami.7b16499,9
10.1016/j.nanoen.2015.03.037,9
10.1002/adfm.201805168,9
10.1039/c7ta07939g,9
10.1021/acsaem.9b00510,9
10.1088/1361-6463/aa8ffd,9
10.1016/j.solmat.2017.06.059,9
10.1002/adma.201505140,9
10.1021/acsami.6b12938,9
10.1039/c5nr08935b,9
10.1021/am508678p,9
10.1109/JPHOTOV.2017.2726563,9
10.1039/c7ra10113a,9
10.1016/j.solmat.2018.05.048,9
10.1016/j.solener.2019.12.031,9
10.1021/acsami.7b12973,9
10.1002/aenm.201701235,9
10.1016/j.joule.2018.10.003,9
10.1038/NENERGY.2015.1,9
10.1002/aenm.201903184,9
10.1021/jacs.0c06288,9
10.1002/solr.201900229,9
10.1002/adfm.201908343,9
10.1021/acsaem.9b00603,9
10.1021/acsami.6b06847,9
10.1039/c6ta00976j,9
10.1021/acsami.9b18090,9
10.1002/solr.201900243,9
10.1016/j.orgel.2019.01.040,9
10.1016/j.tsf.2016.09.039,9
10.1039/c7ta07969a,9
10.1021/acsaem.8b01567,9
10.1021/acsenergylett.8b01411,9
10.1039/c6ta02581a,9
10.1021/acsnano.5b03265,9
10.1021/acsami.8b18663,9
10.1021/acsami.5b02705,9
10.1021/acsenergylett.0c00244,9
10.1039/d0ta04721j,9
10.1016/j.ceramint.2020.02.203,9
10.1016/j.materresbull.2020.111009,9
10.1021/acsenergylett.9b01294,9
10.1039/d0ta03030a,9
10.1002/aenm.201903654,9
10.1039/d0ta01606c,9
10.1016/j.nanoen.2019.05.084,9
10.1002/aenm.202000967,9
10.1021/acs.nanolett.8b04842,9
10.1039/c6ta08426e,9
10.1016/j.tsf.2018.03.038,9
10.1039/c5ta02238j,9
10.1038/NNANO.2014.181,9
10.1002/aenm.201502472,9
10.1016/j.mssp.2019.104908,9
10.1002/solr.201900463,9
10.1063/1.5010261,9
10.1002/aenm.201801637,9
10.1002/adfm.201901296,9
10.1002/cssc.201600923,9
10.1039/c5ra14587b,9
10.1016/j.electacta.2019.03.176,9
10.1021/acscentsci.7b00454,9
10.1557/s43578-021-00155-z,9
10.1038/ncomms15330,8
10.1039/c8ta08306a,8
10.1021/jp502696w,8
10.1039/c6ra22451b,8
10.1016/j.orgel.2017.01.027,8
10.1002/adma.201804835,8
10.1039/c8nr00898a,8
10.1039/c5ee03806e,8
10.1002/pssa.201800409,8
10.1002/aenm.201902353,8
10.1016/j.jpowsour.2019.227092,8
10.1002/smll.201904372,8
10.1002/adfm.201702090,8
10.1016/j.jpowsour.2019.227151,8
10.1007/s10853-019-04199-9,8
10.1039/c9py00992b,8
10.1002/adfm.201807696,8
10.1002/solr.201900197,8
10.1002/aenm.201500486,8
10.1002/cssc.201501510,8
10.1039/c7ta08038g,8
10.1021/acs.jpcc.7b00979,8
10.1007/s11581-019-02990-x,8
10.1021/acs.jpcc.5b02984,8
10.3390/nano9060908,8
10.1002/aenm.201800399,8
10.1039/c4ta04997g,8
10.1021/acs.jpcc.9b05355,8
10.1021/acs.nanolett.6b05177,8
10.1016/j.jallcom.2018.08.025,8
10.1016/j.apsusc.2018.08.078,8
10.1039/c8ra00809d,8
10.1002/ente.201900027,8
10.1039/c8ta12254g,8
10.1039/c4ee01589d,8
10.1246/cl.171214,8
10.1021/acsenergylett.7b00278,8
10.1088/1361-6463/aa9d30,8
10.1063/1.5036643,8
10.1021/acsami.6b11860,8
10.1021/acsenergylett.8b01169,8
10.1002/aenm.201803766,8
10.1038/ncomms15684,8
10.1039/c9ta02631b,8
10.1002/smll.201403344,8
10.1021/acsami.8b16029,8
10.1021/acs.nanolett.9b00238,8
10.1021/acsenergylett.7b01196,8
10.1021/jp508015c,8
10.1039/c5cc05253j,8
10.1039/c7ta08947c,8
10.1109/JPHOTOV.2019.2924745,8
10.1016/j.solener.2019.07.088,8
10.1149/07202.0275ecst,8
10.1016/j.nanoen.2016.02.025,8
10.1021/acs.jpclett.7b01952,8
10.1002/aenm.201401616,8
10.1021/acsami.9b19538,8
10.1039/c8tc02507j,8
10.1039/c8ta11524a,8
10.1016/j.jallcom.2017.01.035,8
10.1016/j.nanoen.2019.04.067,8
10.1039/c6nr09819c,8
10.1002/cssc.201700449,8
10.1007/s10853-019-04145-9,8
10.1039/c9ra05323a,8
10.1016/j.nanoen.2019.104018,8
10.1186/s11671-019-3134-4,8
10.1002/adfm.201808833,8
10.1016/j.jpowsour.2019.02.049,8
10.1016/j.solmat.2019.110200,8
10.1021/acs.jpclett.9b02463,8
10.1039/c9qm00311h,8
10.1016/j.orgel.2019.06.043,8
10.1016/j.solener.2019.07.073,8
10.1002/aenm.201800715,8
10.1016/j.nanoen.2016.05.052,8
10.1016/j.solmat.2015.10.024,8
10.1021/acs.jpcc.5b09393,8
10.1038/s41598-017-08187-4,8
10.1039/c5ta07957h,8
10.1039/c7ee01096f,8
10.1039/c7ra04924b,8
10.1039/c8ee02242a,8
10.1039/c8ta06557h,8
10.1039/c5ta04313a,8
10.1063/1.5047765,8
10.1021/acsami.7b05146,8
10.1039/c7ta02822a,8
10.1039/c7ra01303e,8
10.1021/acsomega.8b01119,8
10.1016/j.nanoen.2019.04.066,8
10.3390/nano9050666,8
10.1021/acsami.8b10979,8
10.1038/s41560-019-0382-6,8
10.1016/j.orgel.2018.05.017,8
10.1021/acsnano.6b02442,8
10.1039/c9tc00064j,8
10.1021/acs.jpcc.8b01558,8
10.1021/jacs.5b01994,8
10.1021/cm502710r,8
10.1016/j.solmat.2018.11.012,8
10.1016/j.ijhydene.2018.03.226,8
10.1002/cphc.201500456,8
10.1039/c9tc03375k,8
10.1039/C7SC00077D,8
10.1002/adma.201901090,8
10.1016/j.physb.2019.07.041,8
10.1016/j.scib.2019.08.002,8
10.1039/c4fd00155a,8
10.1021/acsomega.7b01944,8
10.1002/aenm.201601660,8
10.1016/j.spmi.2018.03.081,8
10.1002/aenm.201700228,8
10.1021/acssuschemeng.7b03382,8
10.1088/2053-1591/ab1541,8
10.1039/c8ta12561a,8
10.1016/j.solmat.2017.01.013,8
10.1021/acsami.8b17300,8
10.1039/c5ta05988g,8
10.1021/acs.langmuir.7b00127,8
10.1021/acsenergylett.9b00403,8
10.1016/j.matdes.2017.12.036,8
10.7567/JJAP.55.122301,8
10.1016/j.optmat.2018.12.044,8
10.1002/cssc.201700197,8
10.1016/j.orgel.2018.05.044,8
10.1016/j.nanoen.2017.08.059,8
10.1016/j.nanoen.2017.12.002,8
10.1039/c4ta05384b,8
10.1039/c7ra10695e,8
10.1002/adma.201807435,8
10.1021/acs.jpclett.7b02229,8
10.1039/c8se00509e,8
10.1002/aenm.201600386,8
10.1002/smll.201803350,8
10.1021/acsami.7b14499,8
10.1021/acsami.6b00635,8
10.1021/acs.iecr.7b02515,8
10.1109/JPHOTOV.2018.2877003,8
10.1039/c7ta06452g,8
10.1016/j.solmat.2018.08.016,8
10.1039/c8se00442k,8
10.3389/fphy.2018.00099,8
10.1021/acs.jpclett.6b02193,8
10.1016/j.jechem.2018.01.020,8
10.1039/c5nr04585a,8
10.1021/acsami.8b19390,8
10.1155/2017/2562968,8
10.1016/j.jallcom.2017.11.205,8
10.1039/c7ra06645g,8
10.1039/c7ta02317k,8
10.1021/jz5021795,8
10.1016/j.solmat.2016.04.055,8
10.1039/c8tc01345d,8
10.1016/j.ssc.2017.12.022,8
10.1016/j.spmi.2018.05.036,8
10.1002/smll.201701535,8
10.1039/c8mh00511g,8
10.1016/j.jpcs.2019.03.025,8
10.1021/acsami.8b15399,8
10.1002/solr.201800034,8
10.1002/adma.201606656,8
10.1016/j.apsusc.2016.06.187,8
10.1021/acsenergylett.9b00608,8
10.1016/j.nanoen.2015.11.034,8
10.1016/j.jpowsour.2017.12.082,8
10.1016/j.solmat.2019.03.003,8
10.1002/adma.201702157,8
10.1002/aenm.201901419,8
10.1039/c9ee00751b,8
10.1021/acsami.7b00900,8
10.1002/adma.201903848,8
10.1021/acsami.8b09461,8
10.1002/aenm.201703178,8
10.1002/cssc.201701056,8
10.1246/cl.180216,8
10.1039/c7ta09721b,8
10.1039/c9ta00669a,8
10.1557/adv.2018.514,8
10.1021/acsami.8b03225,8
10.1007/s11664-016-4724-x,8
10.1039/c5nr08350h,8
10.1039/c8ta10168j,8
10.1016/j.nanoen.2018.09.023,8
10.1002/cssc.201700487,8
10.1021/acsami.7b04392,8
10.1021/acsami.8b21692,8
10.1039/c8ta11925b,8
10.1039/C9TA04192C,8
10.7567/JJAP.54.08KF08,8
10.1038/s41598-019-56338-6,8
10.1002/anie.201910843,8
10.1002/cssc.201903025,8
10.1002/adfm.201910561,8
10.1039/C6TC05325D,8
10.1021/acsami.7b04011,8
10.1002/adma.201803703,8
10.1021/acs.jpcc.5b07554,8
10.1016/j.nanoen.2018.01.049,8
10.1016/j.jpowsour.2014.12.008,8
10.1063/1.4890056,8
10.1039/C6TA04465D,8
10.1002/adfm.201703835,8
10.1039/c3ee40810h,8
10.1021/nl4024287,8
10.1016/j.nanoen.2016.08.055,8
10.1016/j.nanoen.2014.11.042,8
10.1016/j.carbon.2015.05.042,8
10.1016/j.apsusc.2019.04.226,8
10.1021/acsami.8b02554,8
10.1039/c8ta03541e,8
10.1016/j.solmat.2017.01.038,8
10.1039/c7ta03331a,8
10.1002/aenm.201802995,8
10.1038/ncomms8081,8
10.1021/acsami.8b20750,8
10.1038/NPHOTON.2016.3,8
10.1002/adfm.201801508,8
10.1016/j.solmat.2018.11.030,8
10.1016/j.jpowsour.2016.05.060,8
10.1021/acsnano.8b01351,8
10.1016/j.jpowsour.2016.05.026,8
10.1039/c9ta03898a,8
10.1039/c7ta07216c,8
10.1021/acs.jpcc.5b00541,8
10.1002/chem.201603672,8
10.1002/adfm.201401557,8
10.1039/c9cc01266d,8
10.1016/j.orgel.2018.05.024,8
10.1039/c6ta02769e,8
10.1016/j.orgel.2016.03.020,8
10.1002/anie.201511877,8
10.1016/j.jcou.2019.04.001,8
10.1021/jacs.6b04519,8
10.1021/acsenergylett.8b00645,8
10.1021/acsami.8b05560,8
10.1002/cssc.201800758,8
10.1016/j.nanoen.2019.02.009,8
10.1039/c9ta01859j,8
10.1021/jacs.8b07025,8
10.1002/solr.201900072,8
10.1002/aenm.201901204,8
10.1021/acsnano.8b05514,8
10.1021/acs.nanolett.8b04744,8
10.1039/c5nr07091k,8
10.1016/j.jpowsour.2018.09.072,8
10.1016/j.electacta.2017.10.092,8
10.3390/ma12081314,8
10.1007/s40243-018-0139-3,8
10.1002/adfm.201603023,8
10.1016/j.nanoen.2017.12.041,8
10.1002/cssc.201701827,8
10.1002/solr.201800151,8
10.1021/nl500399m,8
10.1038/NENERGY.2015.17,8
10.1142/S1793604718500911,8
10.1039/c8ta05026k,8
10.1002/solr.201800004,8
10.1039/c7ta02617j,8
10.1039/c7ta09716f,8
10.1039/c9qm00168a,8
10.1039/c6nr01308b,8
10.1021/acsenergylett.8b02201,8
10.1039/c9tc02457c,8
10.1021/acsami.7b05113,8
10.1002/advs.201800474,8
10.1002/cssc.201600905,8
10.1039/c6ee01079b,8
10.1002/aenm.201700476,8
10.1039/c7ta02670f,8
10.1039/c7cc09452c,8
10.1021/acsami.8b05172,8
10.1016/j.optmat.2019.01.059,8
10.1021/jacs.9b01305,8
10.1016/j.solener.2017.08.011,8
10.1002/ejoc.201700861,8
10.1039/c6ee02373h,8
10.1002/solr.201700027,8
10.2109/jcersj2.18214,8
10.1021/acsaem.8b00733,8
10.1063/1.4926578,8
10.1016/j.solener.2016.08.044,8
10.1002/anie.201604399,8
10.1039/c7se00311k,8
10.1016/j.joule.2018.08.011,8
10.1039/c5mh00154d,8
10.1016/j.orgel.2018.07.002,8
10.1016/j.solener.2019.10.080,8
10.1016/j.mtener.2019.100351,8
10.1021/acsenergylett.9b02145,8
10.1002/adma.201904735,8
10.1016/j.electacta.2019.135266,8
10.1021/acsaem.9b00747,8
10.1002/solr.201900249,8
10.1016/j.jmst.2018.12.025,8
10.1246/cl.150984,8
10.3740/MRSK.2018.28.4.235,8
10.1016/j.nanoen.2018.06.054,8
10.1039/c7ra12754e,8
10.1002/solr.201800276,8
10.1021/acsami.6b06682,8
10.1039/c9ta05422g,8
10.1088/1361-6528/aaf158,8
10.1109/JPHOTOV.2018.2820909,8
10.1021/acsami.8b04236,8
10.1002/solr.201700215,8
10.1016/j.jpowsour.2018.07.014,8
10.1002/admt.201800156,8
10.1039/C7CC05934E,8
10.1039/C8RA03559H,8
10.7567/APEX.7.121601,8
10.1021/acs.accounts.5b00440,8
10.1039/C6TC03077G,8
10.1039/c7ee02272g,8
10.1016/j.matlet.2018.04.092,8
10.1021/acs.chemmater.8b03084,8
10.1002/cssc.201702169,8
10.1016/j.isci.2019.04.025,8
10.1039/c7ra13582c,8
10.1039/c6cp06953c,8
10.1002/adma.201800544,8
10.1038/ncomms14075,8
10.1117/12.2236855,8
10.1002/adma.201600619,8
10.1021/jz500003v,8
10.1039/c9ta05802h,8
10.1021/acsami.7b09822,8
10.1021/acsphotonics.6b00331,8
10.1002/pssr.201600315,8
10.1021/acsami.8b04396,8
10.1002/smtd.201900375,8
10.1039/c7tc02954c,8
10.1021/acs.jpcc.6b02808,8
10.1039/c8ee02252f,8
10.1142/S1793604717500175,8
10.1002/adma.201703800,8
10.1038/s41560-019-0535-7,8
10.1021/acsaem.7b00008,8
10.1007/s12274-016-1407-0,8
10.1021/acsami.5b00149,8
10.1557/mrc.2017.135,8
10.1002/pssa.201800419,8
10.1126/science.aag2700,8
10.1039/c7ta02440a,8
10.1002/smll.201601603,8
10.1002/aenm.201601768,8
10.1002/aenm.201903487,8
10.1002/solr.202000014,8
10.1021/acs.chemmater.9b02720,8
10.1039/c5ta08193a,8
10.1016/j.solmat.2019.03.022,8
10.1016/j.apsusc.2019.04.129,8
10.1021/acsami.6b08398,8
10.1021/acsami.5b09797,8
10.1039/c8ta02144a,8
10.1016/j.jpowsour.2017.05.007,8
10.1002/cssc.201501392,8
10.1039/c8ta01642a,8
10.1016/j.cej.2021.130685,8
10.1038/nphoton.2013.342,8
10.1016/j.solener.2019.09.064,8
10.1016/j.apsusc.2019.143990,8
10.1002/cphc.201500844,8
10.1016/j.nanoen.2015.04.025,8
10.1039/c6cp06405a,8
10.1002/smll.201403399,8
10.1021/acsaem.8b00286,8
10.1021/acsenergylett.8b02431,8
10.1021/acsenergylett.8b00493,8
10.1002/aenm.201600920,8
10.3390/nano9070932,8
10.1021/acsami.9b05101,8
10.1021/acsaem.9b00859,8
10.1002/ente.201901267,8
10.1016/j.matchemphys.2019.122310,8
10.1002/solr.201800324,8
10.1039/c6sc01478j,8
10.1002/adma.201803735,8
10.1021/jacs.5b06493,8
10.1039/c5nr08836d,8
10.1021/acsami.6b12303,8
10.1016/j.nanoen.2017.09.009,8
10.1002/aenm.201700823,8
10.1038/s41467-018-06998-1,8
10.1002/adma.201601881,8
10.1002/aenm.201800681,8
10.1186/s11671-017-2247-x,8
10.1039/c6ee02687g,8
10.1039/c7ra06643k,8
10.1016/j.nanoen.2016.10.065,8
10.1039/c6ra07497a,8
10.1039/c6ta03115c,8
10.1016/j.joule.2018.09.012,8
10.1016/j.jpowsour.2019.01.065,8
10.1002/cssc.201701160,8
10.1021/acsami.7b00576,8
10.1039/c9ce00533a,8
10.1038/s41563-017-0006-0,8
10.1039/c5ra11081e,8
10.1016/j.jpcs.2019.01.008,8
10.1016/j.orgel.2018.08.016,8
10.1126/sciadv.1501170,8
10.1002/anie.201807402,8
10.1002/cssc.201501273,8
10.1039/c8ra08940j,8
10.1002/solr.201800290,8
10.1021/acsenergylett.8b00837,8
10.1021/jacs.6b04002,8
10.1016/j.jpowsour.2016.01.044,8
10.1002/adma.201503124,8
10.1039/d0se00088d,8
10.1016/j.jpowsour.2020.228443,8
10.1039/c9tc05736f,8
10.1002/adfm.202002366,8
10.1021/acsaem.9b01863,8
10.1039/c8ta02899k,8
10.1002/solr.201800337,8
10.1039/c6ta04600b,8
10.1002/ente.201700448,8
10.1039/c7tc03368k,8
10.1002/aenm.201902529,8
10.1021/acsami.9b14423,8
10.1002/solr.201900294,8
10.1021/acssuschemeng.9b03058,8
10.1039/c9ta06688h,8
10.1021/acs.cgd.9b00788,8
10.1007/s11172-020-2894-4,8
10.1016/j.solmat.2019.110318,8
10.35848/1882-0786/ab6bde,8
10.1021/acsami.9b23485,8
10.1021/acsaem.9b01928,8
10.1002/adfm.202004357,8
10.1039/c6tc05081f,8
10.1021/nn505723h,8
10.1063/1.4974792,8
10.1002/advs.201801117,8
10.1002/smll.201700418,8
10.1002/admi.201600729,8
10.1039/c4ta05309e,8
10.1016/j.orgel.2017.03.005,8
10.1002/slct.201800771,8
10.1109/JPHOTOV.2015.2455345,8
10.1002/aenm.201803024,8
10.1016/j.electacta.2017.12.135,8
10.1016/j.jphotochem.2018.02.018,8
10.1016/j.mssp.2020.104915,8
10.1002/smll.201702775,8
10.1016/j.orgel.2018.08.039,8
10.1021/acsami.8b20646,8
10.1039/c5ta03456f,8
10.1016/j.orgel.2017.01.022,8
10.1016/j.vacuum.2016.12.037,8
10.1002/jccs.201800173,8
10.1021/acsami.6b13324,8
10.1016/j.jssc.2017.03.005,8
10.1039/c8tc01955j,8
10.1021/acsami.8b11411,8
10.1016/j.solener.2016.04.017,8
10.1007/s10853-019-03696-1,8
10.1002/aenm.201602556,8
10.1016/j.nanoen.2017.07.046,8
10.1021/acs.jpcc.7b04614,8
10.1016/j.joule.2018.04.012,8
10.1021/jacs.0c03363,8
10.1039/c9ta13528f,8
10.1016/j.nanoen.2020.104842,8
10.1021/acsaem.1c03262,8
10.1002/aenm.202201473,8
10.1039/c6nr04741f,7
10.1038/srep20357,7
10.1039/c4ee01983k,7
10.1021/acsami.6b02701,7
10.1016/j.jallcom.2016.04.049,7
10.1016/j.solmat.2019.110197,7
10.1007/s10570-019-02724-2,7
10.1016/j.ceramint.2019.08.042,7
10.1021/jacs.9b07381,7
10.1007/s40820-019-0284-y,7
10.1039/c5cp03934g,7
10.1016/j.jphotochem.2018.04.025,7
10.1039/c9cc00733d,7
10.1063/1.5021928,7
10.1021/acsami.8b02035,7
10.1039/c8ee03517b,7
10.1021/acs.jpcc.6b10730,7
10.1002/adfm.201504564,7
10.1002/solr.201800072,7
10.1039/c5cc05879a,7
10.1021/acsami.7b02969,7
10.1016/j.apmt.2017.01.009,7
10.1088/1361-6528/ab3604,7
10.1016/j.nanoen.2016.10.036,7
10.1021/acsaem.8b01327,7
10.1021/am507108u,7
10.1002/adfm.201501024,7
10.1016/j.orgel.2016.09.018,7
10.1002/ejic.201900562,7
10.1002/adfm.201802320,7
10.1021/acsomega.7b01099,7
10.1039/c7ra11286f,7
10.1002/adma.201706275,7
10.1021/acs.chemmater.6b00429,7
10.1063/1.4928516,7
10.1002/adfm.201901026,7
10.1039/c6ta00912c,7
10.1021/acsami.8b01611,7
10.1021/acssuschemeng.7b01490,7
10.1021/acsenergylett.7b00573,7
10.1002/aelm.201900244,7
10.1016/j.joule.2019.06.011,7
10.1039/c6ta03119f,7
10.1039/c8ta02121j,7
10.1002/aenm.201800758,7
10.1016/j.jpowsour.2018.11.081,7
10.1063/1.4906073,7
10.1039/c9cp02003a,7
10.1039/c5nr06362k,7
10.1039/c4cp00298a,7
10.1039/c5ta07829f,7
10.1021/acsenergylett.6b00501,7
10.1109/JPHOTOV.2018.2825228,7
10.1021/acsami.8b00887,7
10.1021/acsenergylett.8b01201,7
10.7498/aps.67.20172463,7
10.1002/adfm.201905393,7
10.1088/1361-6463/ab4f07,7
10.1002/ente.201901017,7
10.1021/acs.jpclett.9b02502,7
10.1016/j.matlet.2019.126667,7
10.1002/solr.201900254,7
10.3390/mi10100682,7
10.1039/C5TA00011D,7
10.1016/j.solmat.2016.07.003,7
10.1039/c4nr03181d,7
10.3390/su11143867,7
10.1016/j.jpowsour.2019.226817,7
10.1016/j.solmat.2019.109927,7
10.1016/j.nanoen.2019.04.042,7
10.1021/acsami.9b03304,7
10.1021/acsami.9b05730,7
10.1021/acsenergylett.7b00751,7
10.1039/c6ta10418e,7
10.1080/01411594.2018.1527914,7
10.1109/JPHOTOV.2016.2642639,7
10.1039/c8ta12284a,7
10.1039/c8ee01831f,7
10.1002/adma.201506292,7
10.1016/j.electacta.2018.10.138,7
10.1002/aenm.201800794,7
10.1021/acs.jpclett.6b00058,7
10.1039/c5ee01050k,7
10.1002/aenm.201702762,7
10.1016/j.jpowsour.2019.03.110,7
10.1039/c6ra07068j,7
10.1002/solr.201700151,7
10.1039/c6ce02151d,7
10.1002/solr.201900202,7
10.1039/c9tc03120k,7
10.1016/j.matchemphys.2018.08.022,7
10.1016/j.nanoen.2018.04.036,7
10.1039/c8ta00816g,7
10.1002/solr.201800149,7
10.1186/s11671-017-1992-1,7
10.1039/c6ta08332c,7
10.3390/nano9020204,7
10.1002/cphc.201301153,7
10.5796/electrochemistry.85.226,7
10.1039/c7se00367f,7
10.1117/12.2212130,7
10.1039/c5nr04076k,7
10.1039/c5ra09001f,7
10.1021/acsami.7b10994,7
10.1021/jacs.7b03856,7
10.1002/aenm.201602333,7
10.1002/aenm.201502009,7
10.1039/c8tc06297h,7
10.1002/adma.201600446,7
10.1016/j.solmat.2016.08.027,7
10.1021/jacs.9b03639,7
10.1016/j.apsusc.2017.04.153,7
10.1021/acsami.7b12721,7
10.1016/j.nanoen.2015.07.025,7
10.1039/c9ta02014d,7
10.1016/j.nanoen.2017.08.047,7
10.1002/adma.201801935,7
10.1002/solr.201800066,7
10.1002/cssc.201600860,7
10.1021/acsenergylett.8b01556,7
10.1002/cssc.201600762,7
10.1016/j.electacta.2018.07.029,7
10.1002/smtd.201900511,7
10.1002/adma.201905143,7
10.1002/cssc.201801258,7
10.1039/c8cp01432a,7
10.1016/j.electacta.2018.03.158,7
10.1039/c9ra00042a,7
10.1016/j.solmat.2015.04.021,7
10.1016/j.electacta.2018.07.178,7
10.1002/adom.201600819,7
10.1088/1361-6641/aae071,7
10.1016/j.solmat.2017.08.032,7
10.1039/c8ee00036k,7
10.1039/c6ta00253f,7
10.1016/j.orgel.2018.05.020,7
10.1038/nenergy.2017.102,7
10.1002/adfm.201503559,7
10.1002/adom.201801409,7
10.1002/aenm.201802595,7
10.1016/j.solener.2018.04.044,7
10.1039/C6CP03851D,7
10.3390/ma11112106,7
10.1016/j.orgel.2019.105415,7
10.1021/acsami.9b15488,7
10.1021/acs.jpcc.9b10709,7
10.1021/acsami.8b04329,7
10.1002/cssc.201800476,7
10.1039/c9ta10422d,7
10.1002/adma.201600624,7
10.1021/acs.nanolett.8b00701,7
10.1002/aenm.201803135,7
10.1021/acs.jpcc.8b09609,7
10.1039/C4EE01546K,7
10.1038/s41598-017-08642-2,7
10.1039/C4TA05675B,7
10.1002/aenm.201500569,7
10.1021/acsenergylett.8b00428,7
10.1002/solr.201700214,7
10.1039/C5TA01824B,7
10.1016/j.nanoen.2018.04.012,7
10.1038/nature12340,7
10.1021/acsami.5b01959,7
10.1002/adma.201602992,7
10.1002/aenm.201400932,7
10.1080/14686996.2017.1298974,7
10.1002/adfm.201804356,7
10.1016/j.physb.2017.07.065,7
10.1039/c7ta02405c,7
10.1016/j.solener.2017.05.089,7
10.1002/aenm.201600285,7
10.1039/c4ta04647a,7
10.1016/j.cej.2017.08.045,7
10.1002/adma.201505255,7
10.1016/j.orgel.2018.09.004,7
10.1039/c7ta01248a,7
10.1021/acsami.6b06164,7
10.1246/cl.160059,7
10.1016/j.nanoen.2019.03.044,7
10.1039/c8nr01763h,7
10.1039/c7ta09494a,7
10.1016/j.solener.2017.09.014,7
10.1002/aenm.201703421,7
10.1016/j.solmat.2017.03.030,7
10.1002/chem.201403807,7
10.1021/acsami.9b06873,7
10.1002/solr.201900045,7
10.1039/c8ta04936j,7
10.1016/j.chempr.2017.05.020,7
10.1039/c8ee01101j,7
10.1021/acsaem.8b00007,7
10.1038/s41586-019-1036-3,7
10.1039/c9ta02094b,7
10.1039/c6ra13082h,7
10.1021/acs.jpcc.8b10070,7
10.1039/c5ta09080f,7
10.1002/admi.201701117,7
10.1002/adma.201901519,7
10.1039/c8nr05698f,7
10.1038/ncomms12806,7
10.1039/c5ta04712a,7
10.1002/adfm.201500616,7
10.1002/anie.201904195,7
10.1021/acsenergylett.6b00281,7
10.1039/c4ta00435c,7
10.1016/j.jallcom.2018.07.190,7
10.1039/c7tc03845c,7
10.1039/C8TA08499H,7
10.1002/aenm.201702498,7
10.1021/acsami.9b03622,7
10.1021/acs.jpclett.8b03834,7
10.1038/srep17684,7
10.1002/cssc.201701864,7
10.1016/j.solmat.2019.03.029,7
10.1002/adfm.201500669,7
10.1016/j.nanoen.2016.03.020,7
10.1039/c7qm00472a,7
10.1002/adfm.201703060,7
10.1002/adfm.201401658,7
10.1039/c5ta05470b,7
10.1021/acsami.8b04861,7
10.1021/acsami.8b12018,7
10.1039/c6ta01074a,7
10.1007/s13204-018-0744-6,7
10.1039/c5ta06870c,7
10.1039/c5ra18648j,7
10.1021/acsenergylett.8b00926,7
10.1039/c6ta09125c,7
10.3390/nano8100815,7
10.1016/j.solener.2018.01.083,7
10.1016/j.orgel.2016.08.009,7
10.1038/srep46193,7
10.1007/s10854-019-01234-y,7
10.1039/c7cc08985f,7
10.1021/acsaem.8b00803,7
10.1016/j.solmat.2015.09.054,7
10.1016/j.jpowsour.2016.09.104,7
10.1038/ncomms13938,7
10.1038/NCHEM.2324,7
10.1002/ente.201800939,7
10.1007/s10854-018-9926-y,7
10.1016/j.jallcom.2019.01.372,7
10.1039/c9ta08679j,7
10.1039/c9se00817a,7
10.1007/s13233-020-8054-8,7
10.3390/nano9121760,7
10.1002/aenm.201903083,7
10.1021/acsenergylett.9b02366,7
10.1016/j.cplett.2019.136822,7
10.1039/c9ta09369a,7
10.1021/acsaem.9b00801,7
10.1016/j.solmat.2018.07.031,7
10.1039/c8ta04246b,7
10.1016/j.nanoen.2016.02.031,7
10.1039/c7ta03890a,7
10.1016/j.apsusc.2017.03.096,7
10.1021/jacs.8b13104,7
10.1039/c4ee01624f,7
10.1021/acs.jpcc.5b05986,7
10.1021/acsenergylett.6b00455,7
10.1039/c8ta01408f,7
10.1039/c4ta05635c,7
10.1002/adma.201603016,7
10.1039/c5nr05042a,7
10.1016/j.solmat.2015.10.032,7
10.1016/j.solmat.2016.08.011,7
10.1126/science.aam6620,7
10.1039/c5ra11771b,7
10.1039/c9ta00551j,7
10.1039/c6cc04840d,7
10.1021/acsenergylett.9b01151,7
10.1039/c8ta05291c,7
10.1039/c8nr07225f,7
10.1039/c6tc04639h,7
10.1016/j.nanoen.2019.05.004,7
10.1039/c8qi00131f,7
10.1002/admt.201900311,7
10.1021/acs.macromol.9b00165,7
10.1002/smll.201501330,7
10.1039/c7ta00027h,7
10.1002/admi.201600506,7
10.1016/j.isci.2019.04.024,7
10.1021/acs.jpclett.6b02103,7
10.1039/c8cp00645h,7
10.1039/c4ee01546k,7
10.1016/j.tet.2017.05.020,7
10.1021/acsami.5b09873,7
10.1016/j.joule.2018.06.012,7
10.1038/s41467-018-07204-y,7
10.1039/c8ee02284d,7
10.1038/ncomms14555,7
10.1002/ente.201500421,7
10.1016/j.nanoen.2016.10.055,7
10.1039/c7ta07775k,7
10.1002/anie.201405334,7
10.1016/j.orgel.2016.01.002,7
10.1021/acs.jpcc.7b06329,7
10.1016/j.orgel.2018.01.029,7
10.1016/j.electacta.2016.05.203,7
10.1039/c6ra19203c,7
10.1021/acsami.7b02349,7
10.1016/j.solener.2019.12.038,7
10.1021/acsaem.9b01592,7
10.1016/j.jpowsour.2019.227419,7
10.1016/j.jtice.2017.09.004,7
10.7567/APEX.9.122301,7
10.1002/adfm.201701804,7
10.1002/solr.201800274,7
10.1002/solr.201800205,7
10.1002/solr.201900183,7
10.1016/j.cej.2019.122830,7
10.1021/acsami.0c11429,7
10.1002/anie.201911518,7
10.1002/ente.201900868,7
10.1021/acsaem.9b00637,7
10.1002/solr.201900415,7
10.1016/j.jallcom.2019.153076,7
10.1039/c9ta09101g,7
10.1016/j.matdes.2019.108237,7
10.1021/acs.joc.9b02769,7
10.1021/acsphotonics.8b00783,7
10.1002/ente.201600303,7
10.3390/nano9070915,7
10.1039/c4nr01141d,7
10.1021/acs.jpcc.7b04248,7
10.1021/acsaem.9b00707,7
10.1021/acsami.9b13894,7
10.1007/s12274-016-1054-5,7
10.1039/c8cc08124g,7
10.1038/ncomms8348,7
10.1021/acsami.7b11795,7
10.1007/s10854-018-0012-2,7
10.1016/j.nanoen.2018.03.081,7
10.1063/1.4941219,7
10.1002/aenm.201801208,7
10.1002/advs.201802163,7
10.1039/c7ta06334b,7
10.1021/jacs.6b02130,7
10.1002/solr.201800133,7
10.1016/j.ceramint.2018.02.147,7
10.1039/c6ra24616h,7
10.1002/er.3485,7
10.1021/am506672j,7
10.1002/admi.201800280,7
10.1021/acsami.7b05133,7
10.1021/acs.chemmater.5b04019,7
10.1016/j.solener.2018.04.009,7
10.1002/adma.201901683,7
10.1021/acsami.9b06526,7
10.1016/j.solener.2016.07.034,7
10.1016/j.orgel.2017.05.025,7
10.1021/acssuschemeng.9b02044,7
10.1002/aenm.201801248,7
10.1016/j.cclet.2016.06.021,7
10.1039/c8me00031j,7
10.1021/acs.jpclett.7b02128,7
10.1039/c8ra01571f,7
10.1021/acsenergylett.9b00847,7
10.1016/j.solener.2020.04.024,7
10.1063/5.0011918,7
10.1016/j.nanoen.2019.104315,7
10.1021/acsami.0c03660,7
10.1002/pssc.201600192,7
10.1002/cssc.201600868,7
10.1007/s10854-018-0343-z,7
10.1016/j.jpowsour.2019.226981,7
10.1016/j.solener.2019.08.026,7
10.1021/acsami.9b07610,7
10.1002/aenm.202000310,7
10.1021/acsami.9b19871,7
10.1039/c8nh00163d,7
10.1016/j.jallcom.2016.11.038,7
10.1021/jacs.9b00144,7
10.1016/j.jechem.2018.07.009,7
10.1016/j.jpowsour.2016.12.079,7
10.1039/c7nr04501h,7
10.1016/j.ceramint.2018.07.121,7
10.1016/j.solmat.2018.05.001,7
10.1039/c6ta10605f,7
10.1016/j.orgel.2019.105433,7
10.1039/c8ta10821h,7
10.1016/j.jcis.2017.09.056,7
10.1002/solr.201900402,7
10.1016/j.solener.2019.01.061,7
10.1080/14686996.2019.1599695,7
10.1063/1.4880899,7
10.1039/c6ta08799j,7
10.1021/jacs.8b13091,7
10.1016/j.nanoen.2017.10.006,7
10.1039/c6ra14186b,7
10.1039/c6ta01427e,7
10.1039/c8ta11891d,7
10.1002/cssc.201403462,7
10.1039/C8NR00152A,7
10.1039/C8TC04525A,7
10.1002/admi.202001144,7
10.1016/j.nanoen.2021.106608,7
10.1002/aenm.202201482,7
10.1016/j.electacta.2017.12.108,6
10.1039/c9ta01893j,6
10.1021/acs.jpclett.5b01716,6
10.1002/aenm.201803587,6
10.1002/solr.201900091,6
10.1002/pssa.201800669,6
10.1039/c7ra01718a,6
10.1039/c8se00059j,6
10.1021/acsami.5b12849,6
10.1016/j.jcrysgro.2018.03.030,6
10.1002/adma.201306217,6
10.3390/nano9030326,6
10.1021/acsami.8b04776,6
10.1002/chem.201704181,6
10.1002/aenm.201400960,6
10.1021/acsenergylett.9b01920,6
10.1002/solr.201900421,6
10.1002/adma.201404189,6
10.1021/acsaem.9b00050,6
10.1021/acsami.9b15607,6
10.3390/nano9091220,6
10.1002/solr.201900389,6
10.1002/solr.201900143,6
10.1063/1.5026797,6
10.1002/ente.201700561,6
10.1038/s41565-018-0304-y,6
10.1002/solr.201800056,6
10.1016/j.jpowsour.2017.10.067,6
10.1021/acsami.8b15130,6
10.1016/j.electacta.2019.04.191,6
10.1117/1.JPE.6.022002,6
10.1021/jacs.6b06291,6
10.1021/acs.jpcc.9b02958,6
10.1016/j.nanoen.2016.11.028,6
10.1039/c5ta09992g,6
10.1021/acsami.7b01136,6
10.1002/admi.201801773,6
10.1039/c8ta06044d,6
10.1016/j.solmat.2017.11.002,6
10.1142/S1088424619500457,6
10.1002/ppsc.201800137,6
10.1016/j.solmat.2017.11.032,6
10.1002/adfm.201503160,6
10.1016/j.mssp.2019.06.015,6
10.1039/c9ta01452g,6
10.1002/slct.201702419,6
10.3390/nano9020193,6
10.1039/c7ta06735f,6
10.1016/j.solener.2017.09.062,6
10.1016/j.orgel.2017.10.018,6
10.1016/j.nanoen.2017.12.047,6
10.1016/j.nanoen.2019.03.081,6
10.1002/adfm.201804286,6
10.1021/acsami.5b07511,6
10.1002/aenm.201701935,6
10.1002/ente.201700480,6
10.1039/c7ta05378a,6
10.1016/j.electacta.2017.04.067,6
10.1016/j.orgel.2017.06.006,6
10.1021/acsami.6b02169,6
10.1039/c9ta03131f,6
10.1021/cm5041997,6
10.1016/j.nanoen.2017.09.035,6
10.1016/j.orgel.2017.01.038,6
10.1002/pip.3205,6
10.1016/j.solener.2019.08.033,6
10.1002/solr.201900235,6
10.1016/j.jpowsour.2019.226914,6
10.1016/j.electacta.2019.134924,6
10.1021/acs.chemmater.9b02248,6
10.1002/adma.201902543,6
10.1126/sciadv.1701293,6
10.1021/acsami.6b04895,6
10.1039/c4ta02976c,6
10.1002/adma.201504621,6
10.1021/jp506991x,6
10.1016/j.solener.2016.06.044,6
10.1002/solr.201800264,6
10.1021/acs.jpclett.8b03194,6
10.1038/s41586-019-1357-2,6
10.1016/j.inoche.2019.107701,6
10.1002/solr.201900231,6
10.1039/c9ta12597c,6
10.1016/j.jpowsour.2019.227420,6
10.1002/aenm.201902472,6
10.1002/aenm.201703054,6
10.1016/j.tsf.2019.03.030,6
10.1039/c7ee03275g,6
10.1039/c4ra05578k,6
10.1002/admi.201701456,6
10.1021/am5025963,6
10.1021/jz502009r,6
10.1016/j.jpowsour.2019.04.056,6
10.1039/c7ta06766f,6
10.1039/c5ta04051e,6
10.1166/jnn.2019.16219,6
10.1021/acsami.7b02868,6
10.1016/j.jphotochem.2019.112141,6
10.1021/acsami.9b13876,6
10.1063/1.5123400,6
10.1002/adma.201403140,6
10.1039/c9tc02003a,6
10.1021/acs.chemmater.9b01396,6
10.1002/aenm.201901753,6
10.1002/solr.201800012,6
10.1007/s11082-018-1652-4,6
10.1016/j.carbon.2019.01.105,6
10.1016/j.jpowsour.2019.04.024,6
10.1016/j.orgel.2018.04.042,6
10.1016/j.orgel.2018.10.032,6
10.1021/acsami.7b08536,6
10.1039/c4cp04685d,6
10.1039/c7cc07534k,6
10.1021/acs.chemmater.5b01933,6
10.1039/c7ta00973a,6
10.1039/c8ta07462c,6
10.1021/acsami.9b00528,6
10.1016/j.matlet.2019.04.127,6
10.1021/acs.chemmater.5b00660,6
10.1039/c7cp04538g,6
10.1016/j.solmat.2015.03.016,6
10.1039/c5ee02014j,6
10.1021/acsami.5b00468,6
10.1021/jacs.7b04949,6
10.1007/s40843-016-5099-1,6
10.1021/acs.jpclett.6b00118,6
10.1002/aenm.201500543,6
10.1002/anie.201707037,6
10.1021/acsami.9b06673,6
10.1016/j.joule.2018.10.008,6
10.1016/j.jpowsour.2015.05.081,6
10.1002/aelm.201700169,6
10.1109/JPHOTOV.2017.2775162,6
10.1007/s11801-019-8118-1,6
10.1021/acs.chemmater.5b03902,6
10.1021/acsami.6b05862,6
10.1038/s41467-019-12678-5,6
10.1016/j.electacta.2017.12.076,6
10.1021/acsami.9b09160,6
10.1016/j.orgel.2019.06.048,6
10.1002/ente.201900922,6
10.1039/C9RA05357C,6
10.1039/C6TA03755K,6
10.1021/acs.nanolett.9b02721,6
10.1016/j.solener.2017.03.005,6
10.3390/nano8060416,6
10.1002/smtd.201800361,6
10.1021/acssuschemeng.8b00938,6
10.1021/acsenergylett.9b00937,6
10.1039/c5ta08375c,6
10.1039/c8cc07298a,6
10.1021/acsenergylett.7b00356,6
10.1038/NENERGY.2016.177,6
10.1039/c9ta01731c,6
10.1039/c7ta02937c,6
10.1039/c6ta01776b,6
10.1002/adma.201700607,6
10.1021/acs.chemmater.6b03054,6
10.1021/acs.nanolett.9b01553,6
10.1016/j.nanoen.2018.01.005,6
10.1039/c9nr03030a,6
10.1016/j.jpowsour.2017.10.018,6
10.1016/j.orgel.2017.11.011,6
10.1002/aenm.201802085,6
10.1016/j.cplett.2016.09.004,6
10.1039/c6ta08970d,6
10.1016/j.solener.2018.11.061,6
10.1021/acsnano.5b00447,6
10.1021/acssuschemeng.8b03826,6
10.1021/acsenergylett.6b00270,6
10.1016/j.electacta.2017.03.027,6
10.1021/acsami.6b01558,6
10.1002/aenm.201701144,6
10.1002/cssc.201500518,6
10.1002/admi.201801976,6
10.1039/c8ta09855g,6
10.1002/aenm.201803476,6
10.1021/jz502039k,6
10.1039/c9ce00724e,6
10.1016/j.jpowsour.2017.07.112,6
10.1002/admi.201700897,6
10.1002/adfm.201700878,6
10.1021/acsami.5b11494,6
10.1039/c4ta04482g,6
10.1002/ente.201900737,6
10.1088/1674-1056/27/1/018804,6
10.1039/c7se00220c,6
10.1039/c5nr08344c,6
10.1039/c7ee01675a,6
10.1016/j.jpowsour.2018.09.100,6
10.1039/c8ta06771f,6
10.1021/acsami.6b15434,6
10.1016/j.tsf.2018.11.025,6
10.1002/advs.201901241,6
10.1002/cphc.201600229,6
10.1021/acsami.7b05484,6
10.1016/j.electacta.2018.09.097,6
10.1039/c7ra07579k,6
10.1021/acs.jpcc.7b02799,6
10.1088/2053-1591/ab334f,6
10.1016/j.jssc.2019.04.022,6
10.1021/acs.jpcc.6b04625,6
10.1002/aenm.201703659,6
10.1016/j.spmi.2018.03.051,6
10.1186/s11671-017-2391-3,6
10.1016/j.jpowsour.2018.10.008,6
10.1016/j.apsusc.2018.10.141,6
10.1016/j.jallcom.2016.11.143,6
10.1002/adfm.201806506,6
10.1016/j.matlet.2018.03.085,6
10.1557/jmr.2017.264,6
10.1016/j.solener.2018.06.041,6
10.1039/c8ta06719h,6
10.1088/1361-6463/aad7de,6
10.1186/s11671-017-2418-9,6
10.1039/c5nr06234a,6
10.1016/j.jpowsour.2017.08.063,6
10.1039/c7ta04569g,6
10.1016/j.electacta.2018.10.034,6
10.1002/ente.201600555,6
10.1002/aenm.201501453,6
10.1021/jp508162p,6
10.1016/j.solener.2018.10.036,6
10.1002/advs.201802223,6
10.1039/c6ta09314k,6
10.1021/acsenergylett.7b00976,6
10.1039/c7ta03103c,6
10.1016/j.jpowsour.2017.12.011,6
10.1126/science.aaf8060,6
10.1016/j.solener.2019.06.069,6
10.1002/aenm.201902740,6
10.1002/ente.201900481,6
10.1021/acs.inorgchem.9b01233,6
10.1039/c9ta07143a,6
10.1002/solr.201900119,6
10.1002/aenm.201901257,6
10.1002/admi.201901372,6
10.1002/solr.201900220,6
10.1021/acsami.6b12509,6
10.1016/j.jpowsour.2019.05.067,6
10.3390/mi8020055,6
10.1021/ph500255t,6
10.1039/c8ta06689b,6
10.1021/acsenergylett.8b02157,6
10.1039/c6nr07369g,6
10.1002/solr.201800278,6
10.1039/c5nr03610k,6
10.1155/2017/8107073,6
10.1039/c6dt00900j,6
10.1002/aenm.201502206,6
10.1039/c8tc05975f,6
10.1021/acs.jpcc.7b00981,6
10.1021/acsnano.7b02734,6
10.1002/admi.201600493,6
10.1038/s41598-017-00271-z,6
10.1039/c6ee02693a,6
10.1002/adma.201801496,6
10.1002/cphc.201301215,6
10.1016/j.jcis.2019.01.035,6
10.1016/j.jphotochem.2017.11.031,6
10.1016/j.jpowsour.2017.01.024,6
10.1016/j.nanoen.2015.12.031,6
10.1016/j.solener.2018.03.054,6
10.1002/smll.201906681,6
10.1021/acsaem.9b01692,6
10.1021/acs.jpclett.7b02562,6
10.1016/j.synthmet.2018.05.012,6
10.1021/acs.jpcc.6b01728,6
10.1002/aenm.201502458,6
10.1002/adma.201604744,6
10.1038/nenergy.2017.18,6
10.1039/c5nr07739g,6
10.1021/jz5002117,6
10.1002/adma.201705998,6
10.1039/C6NR00301J,6
10.1002/adfm.201605469,6
10.1002/adfm.201807024,6
10.1039/c7se00536a,6
10.1039/C6TA07972E,6
10.1098/rsos.172158,6
10.1016/j.solener.2017.04.071,6
10.1063/1.4889843,6
10.1016/j.nanoen.2015.11.008,6
10.1039/C6RA07549E,6
10.1039/C5TA03577E,6
10.1039/C6TC01781A,6
10.1039/c1nr10867k,6
10.1039/c3nr01542d,6
10.1021/nl401044q,6
10.1002/adma.201301327,6
10.1021/ja410659k,6
10.1039/c7ta03710d,6
10.1021/acsenergylett.6b00229,6
10.1021/acsaem.8b01038,6
10.1016/j.electacta.2016.09.138,6
10.1021/acsnano.6b03815,6
10.1038/ncomms12305,6
10.1002/slct.201700546,6
10.1002/cssc.201900106,6
10.1016/j.electacta.2017.12.112,6
10.1016/j.apsusc.2018.10.256,6
10.1039/c7ta11128b,6
10.1016/j.jpowsour.2016.08.061,6
10.1016/j.dib.2016.02.021,6
10.1002/aenm.201800177,6
10.1016/j.orgel.2018.09.019,6
10.1039/c5nr06692a,6
10.1021/acsami.8b22206,6
10.1021/jacs.6b00039,6
10.1039/c7ta05674e,6
10.1039/c7ra07725d,6
10.1039/c7ee01889d,6
10.1039/c8ta02652a,6
10.1038/s41467-019-08507-4,6
10.1039/c8ta00303c,6
10.1016/j.nanoen.2015.04.029,6
10.1016/j.nanoen.2016.06.053,6
10.1016/j.jechem.2017.09.019,6
10.1039/c7ra04414c,6
10.1039/c5ta02710a,6
10.1039/c6ta08565b,6
10.1016/j.surfcoat.2018.08.039,6
10.1021/acsenergylett.6b00697,6
10.1088/1674-4926/38/1/014002,6
10.1016/j.ijleo.2017.02.101,6
10.1016/j.joule.2018.08.012,6
10.7567/JJAP.55.02BF11,6
10.1039/c4nr03366c,6
10.1002/adma.201706126,6
10.1039/c9ta01151j,6
10.1002/chem.201502741,6
10.1016/j.orgel.2017.10.028,6
10.1039/c5ra09110a,6
10.1039/c6nr01927g,6
10.1021/acsami.7b12939,6
10.3866/PKU.WHXB201607272,6
10.1002/smll.201604153,6
10.1021/jz500059v,6
10.1016/j.solmat.2018.01.004,6
10.1039/c5ra25160e,6
10.1021/acsenergylett.6b00327,6
10.1002/cssc.201402587,6
10.1039/c8ta00526e,6
10.1039/c6ra09976a,6
10.1002/smll.201700611,6
10.1021/acssuschemeng.9b02336,6
10.1021/ja4132246,6
10.1039/c6ee00612d,6
10.1002/cssc.201700029,6
10.1016/j.solmat.2018.11.028,6
10.1039/c5ta03046c,6
10.1016/j.orgel.2017.11.044,6
10.1016/j.solmat.2017.02.010,6
10.1002/adfm.201606545,6
10.1016/j.solmat.2019.04.007,6
10.1142/S179360471642011X,6
10.1039/c5ta08262e,6
10.1021/acs.jpcc.5b09322,6
10.1021/acsami.8b01054,6
10.1002/aenm.201803573,6
10.1016/j.nanoen.2018.01.017,6
10.1039/c8ee00956b,6
10.1039/c5ra25753k,6
10.1002/solr.201800136,6
10.1021/acsami.7b07625,6
10.1016/j.apsusc.2017.02.150,6
10.1021/acsami.9b07318,6
10.1039/c8dt00692j,6
10.1002/cssc.201601070,6
10.1002/celc.201900532,6
10.1039/c5cc01939g,6
10.1039/c5ta08015k,6
10.1039/c8ra02637h,6
10.1016/j.nanoen.2017.01.015,6
10.1021/acsami.9b02297,6
10.1039/c5ta04695e,6
10.1002/adfm.201701433,6
10.1039/c5ra11720h,6
10.1002/adma.201800258,6
10.1021/acsami.6b07513,6
10.1038/s41598-017-14920-w,6
10.1039/c6ta01839d,6
10.1016/j.orgel.2017.08.001,6
10.1016/j.nanoen.2017.08.055,6
10.1038/s41428-018-0116-9,6
10.1088/1361-6641/aa6e47,6
10.1002/aenm.201501406,6
10.1038/srep44603,6
10.1039/c4ee01220h,6
10.1021/nn502115k,6
10.1002/admi.201900474,6
10.1002/adfm.201304022,6
10.1039/c5ta01595b,6
10.1002/adfm.201900830,6
10.1039/c8se00250a,6
10.1039/c8se00119g,6
10.1016/j.jpowsour.2016.01.102,6
10.1016/j.chempr.2018.01.018,6
10.1021/acsaem.7b00129,6
10.1007/s10853-019-03655-w,6
10.1016/j.orgel.2019.05.019,6
10.1088/1674-4926/38/1/014001,6
10.1002/cphc.201900856,6
10.1016/j.jallcom.2019.152887,6
10.1021/acsaem.9b00722,6
10.1002/solr.201800315,6
10.1002/solr.201900011,6
10.1016/j.solener.2019.10.034,6
10.1016/j.electacta.2019.135197,6
10.1016/j.nanoen.2019.104246,6
10.1021/acsaem.9b01004,6
10.1142/S1793604718500807,6
10.1021/jacs.6b10734,6
10.1039/c7se00200a,6
10.1039/c7nr05235a,6
10.1016/j.apsusc.2018.11.163,6
10.1016/j.orgel.2016.04.024,6
10.1021/acs.chemmater.5b01924,6
10.3390/cryst8010044,6
10.1002/adma.201606831,6
10.1016/j.solener.2018.09.002,6
10.1021/acssuschemeng.6b03089,6
10.1021/acsphotonics.5b00283,6
10.1088/1674-1056/27/1/018401,6
10.1016/j.isci.2018.08.005,6
10.1039/c4ta03684k,6
10.1039/c8ee02172d,6
10.5796/electrochemistry.85.276,6
10.1039/c6ta05053k,6
10.1016/j.nanoen.2016.02.027,6
10.1002/slct.201801824,6
10.1039/c6ra25149h,6
10.1126/sciadv.aao4204,6
10.1039/c7ta09543k,6
10.1016/j.apsusc.2018.06.068,6
10.1039/c5ee00645g,6
10.1016/j.nanoen.2018.05.035,6
10.1007/s10853-019-03766-4,6
10.1016/j.apsusc.2017.08.212,6
10.1016/j.jpowsour.2015.05.007,6
10.7567/JJAP.57.08RE08,6
10.5229/JECST.2018.9.2.118,6
10.1038/s41598-017-18970-y,6
10.1039/c7ta01593c,6
10.1007/s12274-015-0755-5,6
10.1021/acsnano.6b01904,6
10.1039/c5ra21291j,6
10.1016/j.electacta.2018.09.161,6
10.1016/j.orgel.2018.09.027,6
10.1021/acs.jpcc.6b12137,6
10.1016/j.nanoen.2017.07.013,6
10.1021/acs.chemmater.5b04107,6
10.1021/acs.jpcc.7b11141,6
10.1039/c7ee02901b,6
10.1039/c8ta07836j,6
10.1021/acs.chemmater.8b01808,6
10.1002/aenm.201900720,6
10.1039/c8ta07368f,6
10.1021/acsami.8b16358,6
10.1039/c7ta02556d,6
10.1016/j.electacta.2017.07.040,6
10.1039/c8ta08203k,6
10.1021/acsami.5b09012,6
10.1016/j.orgel.2016.01.011,6
10.1021/acs.nanolett.9b00796,6
10.1039/c6nr00488a,6
10.1063/1.4956436,6
10.1002/aenm.201601079,6
10.1002/adfm.201902629,6
10.1021/acsami.7b13621,6
10.1016/j.solmat.2019.03.002,6
10.1016/j.nanoen.2017.10.048,6
10.1039/c8nj01082j,6
10.1016/j.orgel.2018.09.011,6
10.1021/acsami.7b02323,6
10.1016/j.synthmet.2019.06.011,6
10.1016/j.solener.2015.12.045,6
10.1002/advs.201903368,6
10.1021/acsami.9b17141,6
10.1039/c9ta01947b,6
10.1002/anie.202000199,6
10.1021/acsami.9b17930,6
10.1002/solr.202000001,6
10.1016/j.jallcom.2019.153272,6
10.1021/acsomega.7b01026,6
10.1016/j.solener.2018.10.055,6
10.1039/c4ee00762j,6
10.1016/j.apsusc.2018.09.019,6
10.1007/s11082-018-1376-5,6
10.1002/admi.201900413,6
10.1038/srep06752,6
10.1021/acsami.7b15059,6
10.1126/science.1254763,6
10.1021/jacs.8b06291,6
10.1016/j.matlet.2018.07.107,6
10.1016/j.dyepig.2019.107630,6
10.1016/j.electacta.2016.03.002,6
10.1039/c6cp01360k,6
10.1039/c7tc03683c,6
10.1021/jp512101d,6
10.1016/j.solener.2016.02.049,6
10.1039/c5cc01471a,6
10.1039/c4ee01216j,6
10.1002/adfm.201900557,6
10.1002/cssc.201600940,6
10.1002/chem.201806015,6
10.1002/adfm.201908408,6
10.1002/ente.201901284,6
10.1021/acsami.9b20054,6
10.1002/adma.201905502,6
10.1016/j.joule.2019.10.003,6
10.1016/j.nanoen.2017.05.026,6
10.1007/s13391-018-0075-5,6
10.1016/j.spmi.2017.12.015,6
10.1016/j.jcis.2018.12.001,6
10.1016/j.jechem.2017.09.027,6
10.1039/c6ra07549e,6
10.1002/aenm.201703392,6
10.1021/acsami.7b07216,6
10.1038/s41566-022-01033-8,6
10.1002/cssc.201801541,6
10.1039/c9nr07876b,6
10.1063/1.5126867,6
10.1016/j.nanoen.2019.104180,6
10.1002/solr.201900125,6
10.1002/solr.202200252,6
10.1088/1361-6528/ab4f2a,6
10.1002/smtd.201900831,6
10.1002/solr.202000718,6
10.1109/JPHOTOV.2019.2941181,6
10.1002/solr.201900217,6
10.1002/solr.201900041,6
10.1039/c9sc04900b,6
10.1016/j.solener.2019.10.088,6
10.1088/1361-6528/ab55a1,6
10.1016/j.carbon.2019.10.101,6
10.1002/solr.201800338,6
10.1021/acsami.9b14619,6
10.1016/j.nanoen.2014.08.015,6
10.1002/aenm.201803872,6
10.1021/jz501392m,6
10.1021/acs.chemmater.5b01598,6
10.1039/c8ta12140k,6
10.1007/s10854-018-9518-x,6
10.1016/j.apsusc.2017.01.240,6
10.1038/ncomms7700,6
10.1039/c4ta02921f,6
10.1038/s41598-018-24436-6,6
10.1002/adma.201906374,6
10.1039/c9ee02391g,6
10.1039/c9nr06278e,6
10.1126/science.aay9698,6
10.1021/acsami.9b17386,6
10.1039/c9tc05410c,6
10.1002/aenm.201903013,6
10.1002/asia.201501423,6
10.1021/acs.nanolett.7b03225,6
10.1039/c6cp08022g,6
10.1063/1.5048424,6
10.1039/c7ee00358g,6
10.1016/j.jallcom.2018.03.236,6
10.1002/advs.201700463,6
10.1039/c5ta03577e,6
10.1039/c9nj03089a,6
10.1039/c7ra01110e,6
10.1002/aenm.201400355,6
10.1134/S1990793118040334,6
10.1002/aenm.201601822,6
10.1021/acsami.7b06343,6
10.1088/1361-6528/aae9b6,6
10.1039/c5dt02388b,6
10.1063/1.5004627,6
10.1038/srep42564,6
10.1016/j.mattod.2017.12.002,6
10.1016/j.orgel.2016.11.017,6
10.1021/acsnano.6b01202,6
10.1021/nn506465n,6
10.1021/acs.nanolett.6b04015,6
10.1016/j.solener.2019.05.018,6
10.1039/c8cc04271c,6
10.1021/acsami.9b09530,6
10.1016/j.nanoen.2018.03.047,6
10.1039/c6ta01087c,6
10.1007/s10971-019-04957-w,6
10.1002/adma.201504293,6
10.1002/chem.201503099,6
10.1016/j.solener.2018.09.078,6
10.1021/acsomega.8b01817,6
10.1088/1757-899X/303/1/012002,6
10.1021/jacs.8b00542,6
10.1021/acsami.5b03525,6
10.1016/j.dyepig.2018.12.010,6
10.1002/adma.201705393,6
10.3390/nano6100183,6
10.1364/PRJ.393647,6
10.1002/adma.202000995,6
10.1016/j.jpowsour.2020.228320,6
10.1016/j.solener.2020.02.052,6
10.1007/s10854-020-03664-5,6
10.1016/j.solener.2020.04.077,6
10.1021/acsami.9b23532,6
10.1016/j.nanoen.2020.104673,6
10.1002/adma.202003422,6
10.1016/j.synthmet.2020.116412,6
10.1021/acsami.0c08006,6
10.1016/j.solener.2020.03.002,6
10.1039/c7tc02193c,6
﻿10.1016/j.nanoen.2019.03.091,6
10.1016/j.electacta.2018.04.123,6
10.1039/c6tc05069g,6
10.1039/c5sc03569d,6
10.1063/1.4991633,6
10.1039/C5EE02155C,6
10.1016/j.joule.2019.05.018,6
10.1016/j.dyepig.2016.10.018,6
10.1016/j.jpowsour.2019.226765,6
10.1039/c9ta06439g,6
10.1021/acs.jpclett.0c01859,6
10.3390/en13112897,6
10.1007/s40843-019-9452-1,6
10.1016/j.orgel.2020.105734,6
10.1021/acsami.9b18082,6
10.1002/adfm.202002342,6
10.1038/s41598-019-57015-4,6
10.1016/j.solener.2020.04.035,6
10.1002/aenm.201701140,6
10.1016/j.solmat.2020.110517,6
10.1021/acsami.7b10773,6
10.1016/j.solmat.2016.12.025,6
10.1002/aenm.201802012,6
10.1002/adma.201600626,6
10.1039/c9pp00071b,6
10.1007/s11433-019-9356-1,6
10.1088/1674-1056/26/6/068803,6
10.1016/j.nanoen.2018.08.012,6
10.1021/acs.chemmater.6b05353,6
10.1016/j.nanoen.2019.05.072,6
10.1016/j.solener.2019.12.001,6
10.1039/c5ta03990h,6
10.1039/c9ta09838k,6
10.1016/j.apsusc.2018.05.180,6
10.1039/c5cp03995a,6
10.1039/c7tc00882a,6
10.1002/cssc.201700872,6
10.1016/j.dyepig.2015.11.025,6
10.1021/am504175x,6
10.1021/acsami.7b06403,6
10.1039/c4mh00238e,6
10.1021/acsenergylett.9b01855,6
10.1002/solr.201800061,6
10.1021/acsomega.6b00465,6
10.15541/jim20160584,6
10.1016/j.dyepig.2015.11.004,6
10.1002/adfm.201902021,6
10.1016/j.orgel.2019.01.017,6
10.1021/acs.orglett.9b00988,6
10.1007/s11051-017-4081-6,6
10.1021/acs.jpclett.6b01815,6
10.1016/j.jallcom.2018.02.136,6
10.1021/jacs.7b01439,6
10.1002/aenm.201701586,6
10.1016/j.matlet.2019.03.073,6
10.1039/c5nr01820j,6
10.1021/acs.jpcc.6b05667,6
10.1016/j.orgel.2018.12.012,6
10.1007/s10854-019-00691-9,6
10.1021/acs.jpclett.6b02843,6
10.1002/ente.201700422,6
10.1039/C8TC02754D,6
10.1002/adfm.202001460,6
DOI: 10.1126/science.adm9474,6
10.1039/c7se00100b,5
10.1088/2053-1591/ab1923,5
10.1021/acs.jpclett.9b01180,5
10.1039/c4ta02711f,5
10.1002/solr.201700224,5
10.1016/j.orgel.2017.05.044,5
10.1002/slct.201800804,5
10.1039/c8cp04162h,5
10.1021/acsami.71306193,5
10.1021/acs.orglett.9b02635,5
10.1016/j.jpowsour.2019.226907,5
10.1016/j.electacta.2019.135102,5
10.1039/c9ta08564e,5
10.1039/c7ta90054f,5
10.1002/adfm.201901652,5
10.1016/j.nanoen.2019.104036,5
10.1142/S1793292019501261,5
10.1002/solr.201900331,5
10.1002/smll.201904387,5
10.1016/j.nanoen.2019.104050,5
10.1016/j.tsf.2019.137567,5
10.1002/solr.201900397,5
10.1002/advs.201500312,5
10.1016/j.molstruc.2018.01.037,5
10.1002/adfm.201904856,5
10.1039/c4cp00460d,5
10.1021/acs.jpclett.8b00830,5
10.1016/j.nanoen.2019.02.064,5
10.1016/j.orgel.2019.03.022,5
10.1021/acsami.9b00793,5
10.1139/cjc-2018-0414,5
10.1002/aenm.201502021,5
10.1016/j.nanoen.2016.10.053,5
10.1007/s40843-017-9130-x,5
10.1021/acsenergylett.9b01237,5
10.1039/c5ta03593g,5
10.1186/s11671-017-2326-z,5
10.1039/c4fd00128a,5
10.1039/c7nr05416e,5
10.1002/advs.201500105,5
10.1039/c8ta07904h,5
10.1038/am.2017.91,5
10.1002/admi.201600581,5
10.1246/cl.150814,5
10.1039/C7TC05276F,5
10.1039/c8ta07699e,5
10.1039/c7ta07828e,5
10.1016/j.solmat.2017.07.022,5
10.1021/acsenergylett.8b00121,5
10.1039/c5ta04828a,5
10.1021/acsnano.6b02613,5
10.1038/NPHOTON.2014.255,5
10.1016/j.solmat.2017.04.035,5
10.1021/jacs.8b10520,5
10.1021/ja5125594,5
10.1186/s11671-016-1670-8,5
10.1039/c4ra08565e,5
10.1021/acsenergylett.6b00077,5
10.1002/cssc.201700612,5
10.1039/c8ta04444a,5
10.3390/ma11071073,5
10.1039/c4ta04272g,5
10.1021/acsaem.9b00098,5
10.1038/s41560-018-0220-2,5
10.1007/s40820-019-0282-0,5
10.1021/acsami.7b10022,5
10.1016/j.opelre.2019.04.003,5
10.1016/j.synthmet.2018.08.013,5
10.3390/coatings7120215,5
10.1007/s11082-016-0819-0,5
10.1007/s11426-019-9486-0,5
10.3390/molecules24102027,5
10.1016/j.matlet.2016.08.029,5
10.1002/aenm.201701640,5
10.1021/acs.jpcc.9b05588,5
10.1016/j.solener.2019.08.036,5
10.1039/c9ta08848b,5
10.1002/ente.201900878,5
10.1021/acsenergylett.8b01153,5
10.1016/j.solmat.2018.01.006,5
10.1007/s10854-017-7203-0,5
10.1038/srep33649,5
10.1039/c6ta00679e,5
10.1021/acsami.6b15710,5
10.1021/acs.jpclett.6b01617,5
10.1039/c8tc02241k,5
10.1016/j.matlet.2016.07.004,5
10.1021/nl501838y,5
10.1039/c5ra23062d,5
10.1016/j.nanoen.2019.103867,5
10.1016/j.nanoen.2018.01.037,5
10.7567/APEX.11.105501,5
10.1016/j.orgel.2019.03.036,5
10.1002/pssa.201700089,5
10.1002/ente.201500373,5
10.1016/j.jpowsour.2018.03.079,5
10.1039/c4sc00814f,5
10.1002/ente.201800909,5
10.1016/j.jpowsour.2019.227386,5
10.1039/c9ta01744e,5
10.1016/j.jpowsour.2019.227488,5
10.1002/cnma.201900681,5
10.1002/solr.201900565,5
10.1039/c9cc09002a,5
10.1021/acsami.9b18757,5
10.1021/acsami.9b18034,5
10.1016/j.orgel.2018.08.024,5
10.1039/c5ee02555a,5
10.1016/j.orgel.2018.08.048,5
10.1016/j.nanoen.2018.11.018,5
10.1016/j.orgel.2017.02.011,5
10.1117/12.2185997,5
10.1016/j.jpowsour.2015.07.081,5
10.1016/j.isci.2019.04.031,5
10.1039/c5nr06687e,5
10.1002/solr.201900182,5
10.1002/aenm.201903108,5
10.1016/j.joule.2019.07.030,5
10.1002/aenm.201901726,5
10.1016/j.jssc.2019.07.023,5
10.1002/advs.201700759,5
10.1002/anie.201808385,5
10.1002/smll.201700007,5
10.1002/solr.201800297,5
10.1016/j.electacta.2018.06.015,5
10.1016/j.electacta.2018.10.087,5
10.1016/j.jssc.2019.03.028,5
10.1016/j.nanoen.2016.04.060,5
10.1016/j.solener.2017.12.043,5
10.1038/NMAT4388,5
10.1002/anie.201405176,5
10.1016/j.jpowsour.2017.05.084,5
10.1142/S2010135X18500091,5
10.1039/c6ta02105k,5
10.1002/adfm.201802985,5
10.1063/1.4989560,5
10.1016/j.ensm.2016.11.007,5
10.1021/acsami.6b12236,5
10.1039/c8nr10125f,5
10.1038/s41598-018-25975-8,5
10.1039/c6ta06879k,5
10.1002/aenm.201601165,5
10.1117/12.2274438,5
10.1016/j.joule.2018.07.018,5
10.1002/aenm.201800138,5
10.1016/j.apsusc.2019.05.092,5
10.1038/srep39132,5
10.1021/acsomega.8b02612,5
10.1021/acsenergylett.9b00042,5
10.1038/nature18306,5
10.1016/j.nanoen.2015.04.039,5
10.1039/c7nr08750k,5
10.1021/acs.nanolett.8b04190,5
10.1002/aenm.201601297,5
10.1088/1674-1056/27/2/024208,5
10.1039/c5ta07507f,5
10.1063/1.4963760,5
10.1039/c6ra16839f,5
10.1002/adfm.201705763,5
10.1016/j.orgel.2018.05.052,5
10.1016/j.matlet.2019.126619,5
10.1016/j.solener.2019.08.031,5
10.1039/C9TA05556H,5
10.1002/adfm.201902319,5
10.1016/j.nanoen.2019.103946,5
10.1021/acs.nanolett.9b02277,5
10.1038/s41467-018-07099-9,5
10.1002/advs.201901591,5
10.1021/acs.jpcc.9b05058,5
10.1021/acssuschemeng.9b04772,5
10.1039/c9ee01944h,5
10.1016/j.surfcoat.2019.07.010,5
10.1039/c9ta01760g,5
10.1002/ente.201700304,5
10.1016/j.tsf.2018.07.041,5
10.1039/c5ta10040b,5
10.1063/1.4941226,5
10.1021/acsami.8b07346,5
10.1002/adma.201805660,5
10.1021/acs.jpclett.9b01783,5
10.1016/j.mssp.2014.07.039,5
10.1039/c8ee02958j,5
10.1016/j.solmat.2018.01.010,5
10.1016/j.orgel.2018.06.038,5
10.1016/j.matlet.2018.11.052,5
10.1002/chem.201605693,5
10.1021/acs.nanolett.6b03455,5
10.1039/c6ra21775c,5
10.1142/S1793292014400013,5
10.1038/s41467-017-01842-4,5
10.1016/j.jpowsour.2017.08.074,5
10.1021/acsami.9b01843,5
10.1002/cssc.201600848,5
10.1021/acsenergylett.7b00582,5
10.1016/j.jallcom.2016.07.182,5
10.1016/j.electacta.2017.08.083,5
10.1039/c6ra07686f,5
10.1039/c6tc05325d,5
10.1016/j.tsf.2017.06.037,5
10.1007/s40843-017-9044-y,5
10.1016/j.solener.2019.04.066,5
10.1021/acsami.5b06780,5
10.1063/1.5029198,5
10.1002/cssc.201802899,5
10.1039/c8ta06976j,5
10.1016/j.orgel.2017.07.047,5
10.1021/jacs.8b06050,5
10.1016/j.nanoen.2017.08.048,5
10.1039/c5ta01563d,5
10.1007/s10853-017-1429-3,5
10.1039/c6ta10526b,5
10.1021/acsnano.6b00225,5
10.1039/c6ta02918c,5
10.1021/acsenergylett.7b00147,5
10.1039/c5nr01714a,5
10.1039/c5ta08565a,5
10.1016/j.electacta.2016.09.112,5
10.1002/aenm.201800525,5
10.1002/aenm.201803287,5
10.1039/c8ta08900k,5
10.3390/coatings9050320,5
10.1002/solr.201800054,5
10.1002/adfm.201801734,5
10.1063/1.4895039,5
10.1002/pip.2557,5
10.1021/acsami.8b11474,5
10.1002/adfm.201600910,5
10.1016/j.mtener.2018.07.004,5
10.1021/acssuschemeng.8b06190,5
10.1016/j.jcis.2018.07.106,5
10.1016/j.orgel.2018.06.054,5
10.1002/aenm.201803258,5
10.1021/jacs.5b03796,5
10.1063/1.5087796,5
10.1016/j.jcis.2018.09.045,5
10.1021/acs.jpcc.8b00980,5
10.1021/acsenergylett.6b00432,5
10.1016/j.orgel.2016.07.019,5
10.1016/j.jallcom.2017.11.081,5
10.1117/1.JPE.5.057410,5
10.1039/c7ta11314e,5
10.1016/j.nanoen.2015.07.024,5
10.1007/s10854-016-5196-8,5
10.1007/s12274-015-0711-4,5
10.1039/c4cc06493c,5
10.1039/c6ee00183a,5
10.1039/c6ta06718b,5
10.1166/jnn.2020.17288,5
10.1002/cssc.201701526,5
10.1002/aenm.201901352,5
10.1038/s41563-019-0478-1,5
10.1016/j.jallcom.2019.151723,5
10.1016/j.solener.2019.08.069,5
10.1063/1.4960759,5
10.1039/c8ta12028e,5
10.1039/c8nj03067g,5
10.1111/jace.16284,5
10.1016/j.egypro.2017.09.293,5
10.1557/adv.2018.515,5
10.1246/cl.190233,5
10.1039/c8ta12139g,5
10.1039/c8ta04590a,5
10.1021/acsami.6b09925,5
10.1039/c8nr02146e,5
10.1016/j.jallcom.2018.09.223,5
10.1021/acsaem.8b01331,5
10.1039/c5ta02730f,5
10.1021/acsami.7b18902,5
10.1002/cplu.201700471,5
10.1002/solr.201700222,5
10.1007/s10904-016-0410-y,5
10.1007/s11664-019-07307-2,5
10.1016/j.orgel.2018.06.043,5
10.1021/acs.nanolett.5b00843,5
10.1021/acsaem.8b00400,5
10.1021/acsami.5b11067,5
10.1021/acsami.9b20831,5
10.1002/solr.201900406,5
10.1002/aenm.201903751,5
10.1002/pc.25527,5
10.1002/admi.201901866,5
10.1016/j.solener.2019.11.047,5
10.1002/adfm.201909972,5
10.1016/j.nanoen.2018.04.026,5
10.1039/c7cp04749e,5
10.1021/acs.jpclett.6b02594,5
10.1016/j.synthmet.2016.07.013,5
10.1039/c4ee01138d,5
10.1002/smll.201700953,5
10.1039/c8ta05795h,5
10.1021/ja5033259,5
10.1021/jacs.7b07949,5
10.1002/adma.201401641,5
10.1039/C7NR03507A,5
10.1021/jacs.7b04981,5
10.1002/aenm.201800997,5
10.1016/j.matlet.2018.05.047,5
10.1039/C8TA05282D,5
10.1039/C6TA06718B,5
10.1002/aenm.201600994,5
10.1016/j.matlet.2015.11.058,5
10.1021/acsami.8b02549,5
10.1016/j.solmat.2017.11.010,5
10.1002/aenm.201700302,5
10.1016/j.joule.2018.04.011,5
10.1016/j.jpowsour.2016.11.028,5
10.1016/j.orgel.2017.03.017,5
10.1038/s41467-018-04028-8,5
10.1038/nature12509,5
10.1016/j.orgel.2014.12.002,5
10.1039/C4RA17316C,5
10.1186/s11671-017-2401-5,5
10.1039/C5TA02306H,5
10.1039/C5TA01730K,5
10.1126/science.1228604,5
10.1021/jz400348q,5
10.1039/c7cp07682g,5
10.1002/adma.201803428,5
10.1021/acsomega.8b01061,5
10.1016/j.solmat.2018.05.002,5
10.1021/acsaem.8b01978,5
10.1039/c5ra27620a,5
10.1063/1.4974797,5
10.1002/smll.201804005,5
10.1016/j.electacta.2016.12.103,5
10.1039/c7tc05252a,5
10.1002/adfm.201801808,5
10.1039/c8cp91904f,5
10.1021/acs.jpcc.6b02443,5
10.1021/acsaem.8b01271,5
10.1002/anie.201902959,5
10.1039/c5ta07714a,5
10.1557/adv.2018.413,5
10.1021/acsenergylett.9b00954,5
10.1039/c7se00122c,5
10.1039/c7tc02603j,5
10.1038/ncomms15218,5
10.1039/c6ta02999j,5
10.1016/j.ceramint.2019.04.221,5
10.1039/c5nr06189j,5
10.1002/adma.201604758,5
10.1021/acsami.8b20933,5
10.1007/s10854-019-01942-5,5
10.1021/ph5000067,5
10.1016/j.materresbull.2018.08.022,5
10.1002/cphc.201402033,5
10.1021/acsami.7b18643,5
10.1021/acsenergylett.7b00888,5
10.1039/c8tc00385h,5
10.1016/j.solmat.2017.01.006,5
10.1002/cphc.201800346,5
10.5772/62435,5
10.1021/acsenergylett.7b00375,5
10.1021/acsami.8b09758,5
10.7567/JJAP.57.06KB03,5
10.2494/photopolymer.30.577,5
10.1039/c6ta08418d,5
10.1039/c8cc02329h,5
10.1039/c7cc09838c,5
10.1016/j.jallcom.2017.11.027,5
10.1002/aenm.201900838,5
10.1016/j.nanoen.2019.01.027,5
10.1039/c6ta07712a,5
10.1039/c7ra12049d,5
10.1002/adma.201602822,5
10.1002/advs.201801715,5
10.1039/c4cc06338d,5
10.1088/1361-6528/aa75ab,5
10.1021/acsami.7b08489,5
10.1021/acsomega.8b01589,5
10.1002/ente.201700030,5
10.1016/j.solener.2018.07.022,5
10.1364/OME.6.003651,5
10.1039/c6nr07076k,5
10.1002/adma.201902781,5
10.1038/srep10557,5
10.1039/c9cc00312f,5
10.1016/j.orgel.2019.06.020,5
10.1002/cssc.201600132,5
10.1021/acsami.7b06681,5
10.1039/c4nr05975a,5
10.1088/1361-6528/aabedd,5
10.1166/jnn.2017.14278,5
10.1039/c4ta05352d,5
10.1016/j.cej.2016.12.050,5
10.1039/c9ta03454d,5
10.1016/j.solmat.2017.02.003,5
10.1016/j.mtchem.2016.12.003,5
10.1002/solr.201700118,5
10.1080/15421406.2017.1358045,5
10.1007/s00339-018-2251-8,5
10.1142/S1793292019500772,5
10.1016/j.solener.2017.07.039,5
10.1021/acsami.9b06424,5
10.1039/c8se00233a,5
10.1016/j.nanoen.2016.09.041,5
10.1002/solr.201700125,5
10.1021/acsami.7b10039,5
10.1088/1361-6528/aaa230,5
10.1002/aenm.201801403,5
10.1039/c5cc04405g,5
10.1016/j.surfcoat.2018.12.069,5
10.1016/j.mssp.2018.10.034,5
10.1021/acsnano.7b06413,5
10.1002/aenm.201601674,5
10.1016/j.orgel.2017.10.019,5
10.1016/j.electacta.2015.12.170,5
10.1021/acssuschemeng.8b05734,5
10.1246/bcsj.20170423,5
10.1016/j.materresbull.2018.03.027,5
10.1039/c6tc04510c,5
10.1002/aenm.201800232,5
10.1002/adma.201702140,5
10.1038/s41598-019-45374-x,5
10.1021/acsomega.7b00814,5
10.1039/c6tc02307j,5
10.1039/c5nr06558e,5
10.1016/j.jechem.2016.03.021,5
10.1002/solr.201700164,5
10.1016/j.mtener.2017.06.003,5
10.1021/acsnano.5b03687,5
10.1016/j.solmat.2018.03.047,5
10.1039/c7ra07123j,5
10.1039/c5nr05974g,5
10.1016/j.tsf.2018.07.037,5
10.3390/en10050599,5
10.1016/j.jpowsour.2018.07.093,5
10.1038/s41598-017-07218-4,5
10.1039/C6NR06670D,5
10.1039/c6ta10715j,5
10.1021/acsami.8b08981,5
10.1002/aenm.201401720,5
10.1002/anie.201600702,5
10.1246/cl.161060,5
10.1007/s10854-018-8932-4,5
10.1016/j.solmat.2018.01.021,5
10.1039/c7nr03507a,5
10.1002/smll.201604305,5
10.1002/solr.201800084,5
10.1116/1.5029253,5
10.1016/j.apsusc.2018.01.310,5
10.1007/s10854-018-0365-6,5
10.1016/j.electacta.2018.11.169,5
10.1021/acsami.8b16963,5
10.1016/j.solener.2019.02.012,5
10.1002/pssr.201800505,5
10.1021/acsami.8b18530,5
10.1039/c4ra09519g,5
10.1016/j.electacta.2016.02.147,5
10.1039/c8nr09467e,5
10.1016/j.cap.2018.10.020,5
10.1039/c8ra03162b,5
10.1088/1757-899X/479/1/012046,5
10.1021/jz402706q,5
10.1021/acs.langmuir.8b01650,5
10.1021/acs.jpcc.7b04338,5
10.1002/solr.201900050,5
10.1016/j.tsf.2018.10.001,5
10.1021/acs.langmuir.9b02524,5
10.1002/solr.201900374,5
10.1016/j.jallcom.2019.152768,5
10.1016/j.nanoen.2019.104130,5
10.1021/acsenergylett.9b01975,5
10.1021/acsaem.9b00845,5
10.1002/ente.201901186,5
10.1021/acsami.9b16919,5
10.1016/j.solmat.2019.110288,5
10.1021/acs.jpcc.9b08859,5
10.1016/j.electacta.2019.135281,5
10.1016/j.solmat.2019.110267,5
10.1039/c9cc07785e,5
10.1002/adfm.201907481,5
10.1021/jacs.5b11076,5
10.1021/acsanm.8b00859,5
10.3390/nano8090701,5
10.1016/j.jpowsour.2019.04.009,5
10.1002/aenm.201501994,5
10.1002/aenm.201600767,5
10.1039/c5ta03865k,5
10.1039/c6ta03180c,5
10.1021/acs.jpcc.6b09671,5
10.1002/cssc.201803025,5
10.1039/c8ta11800k,5
10.1016/j.molstruc.2019.04.113,5
10.1007/s12200-016-0566-7,5
10.1016/j.solmat.2017.04.018,5
10.1021/acsaem.9b00391,5
10.1002/cssc.201601186,5
10.1039/c5ta03169a,5
10.1002/adma.201804284,5
10.1016/j.nanoen.2015.01.025,5
10.1039/c7ta04128d,5
10.1063/1.4967840,5
10.1002/adma.201703879,5
10.1002/adma.201506141,5
10.1002/aenm.201800051,5
10.1021/acs.jpcc.6b11584,5
10.1039/c8ra01532e,5
10.1021/acsami.5b05576,5
10.1039/c8nj04131h,5
10.1002/admi.201900157,5
10.1039/c4ta05012f,5
10.1021/nl403997a,5
10.1021/acsami.8b04439,5
10.1002/aenm.201601451,5
10.1039/c7ta11295e,5
10.3791/55307,5
10.1021/acsomega.7b01434,5
10.1002/celc.201801459,5
10.1016/j.jechem.2015.10.014,5
10.1021/jz500113x,5
10.1016/j.solidstatesciences.2014.12.015,5
10.1002/aenm.201700576,5
10.1021/acsenergylett.7b00718,5
10.1002/adfm.201503448,5
10.1021/acs.chemmater.5b01691,5
10.1039/c8qi01020j,5
10.1002/adfm.201601175,5
10.1021/acsami.7b10091,5
10.1002/adfm.201905163,5
10.1088/1361-6528/aac293,5
10.1021/cm5037869,5
10.1021/acsaem.8b00192,5
10.1016/j.solmat.2018.01.027,5
10.1002/adfm.201801985,5
10.1002/adma.201600594,5
10.1016/j.jpowsour.2018.09.007,5
10.1016/j.solmat.2016.05.004,5
10.1039/c7cc06183h,5
10.1021/acsenergylett.7b00925,5
10.3390/cryst8050185,5
10.1039/c7se00472a,5
10.1021/acsaem.9b00477,5
10.1002/adfm.201601309,5
10.1166/jnn.2018.15360,5
10.1039/c5nr07758c,5
10.1039/c7ta06816f,5
10.1021/acsenergylett.7b01221,5
10.1039/c9ta12890e,5
10.1021/acsami.9b16341,5
10.1002/advs.201903166,5
10.1016/j.jpowsour.2019.227586,5
10.1016/j.solener.2019.11.030,5
10.1002/adfm.201805098,5
10.1016/j.surfcoat.2018.09.072,5
10.1021/acsami.7b07496,5
10.1021/acs.jpcc.8b09482,5
10.1039/c8ra02556h,5
10.1002/aenm.201800504,5
10.1039/c5ta06727h,5
10.1016/j.solener.2018.10.025,5
10.1080/15421406.2017.1362889,5
10.1021/acsenergylett.6b00517,5
10.7567/JJAP.57.08RE05,5
10.1109/JPHOT.2016.2608619,5
10.1021/acsami.8b12678,5
10.1021/acs.chemmater.6b03310,5
10.1016/j.spmi.2016.03.045,5
10.1039/c6ra16355f,5
10.1039/c7cp03551a,5
10.1039/c5ta02265g,5
10.1039/c6tc01781a,5
10.1063/1.4941416,5
10.1039/c6ta01715k,5
10.1002/adma.201401991,5
10.1002/adma.201603021,5
10.1021/acsami.9b19330,5
10.1016/j.jpowsour.2019.227584,5
10.1002/adma.201907058,5
10.1021/acsaem.9b01859,5
10.1016/j.solener.2019.12.021,5
10.1016/j.orgel.2018.05.011,5
10.1039/c5ta01730k,5
10.1002/solr.201600027,5
10.1021/acsami.8b06595,5
10.1039/c5ta03686k,5
10.1002/adfm.201800475,5
10.1016/j.dyepig.2019.01.052,5
10.1039/c8ta05955a,5
10.1038/srep25648,5
10.1016/j.nanoen.2018.09.037,5
10.7567/JJAP.54.08KF02,5
10.1016/j.orgel.2017.11.030,5
10.1016/j.orgel.2017.09.039,5
10.1039/c5ta01532d,5
10.1039/d1ta05699a,5
10.1021/acs.jpclett.5b00545,5
10.1063/1.5126518,5
10.1016/j.mtener.2018.01.006,5
10.1002/advs.201903009,5
10.1016/j.nanoen.2019.104285,5
10.1016/j.energy.2019.116396,5
10.1039/d2me00032f,5
10.1002/solr.202200008,5
10.1515/nanoph-2020-0634,5
10.1039/c9cc07398a,5
10.1002/aenm.201902653,5
10.1021/acsami.9b14023,5
10.1021/acsaem.9b01200,5
10.1002/solr.201900204,5
10.7567/1882-0786/ab4aa2,5
10.1002/solr.202000740,5
10.1021/acsenergylett.9b02112,5
10.1016/j.jpowsour.2016.09.057,5
10.1039/c5nr06177f,5
10.1021/acsami.7b07780,5
10.1021/acs.chemmater.8b05237,5
10.1039/c9ta04043a,5
10.1039/c6ta10470c,5
10.1039/c4ta06394e,5
10.1021/acsami.8b00158,5
10.1002/aenm.201502027,5
10.3390/coatings9110766,5
10.1021/acsaem.9b01009,5
10.1016/j.apsusc.2019.07.099,5
10.3762/bjnano.10.228,5
10.1016/j.solener.2019.10.018,5
10.1021/acsaem.9b00944,5
10.1021/acssuschemeng.9b05631,5
10.1002/anie.201910800,5
10.1016/j.jiec.2019.08.004,5
10.1039/c9ta08929b,5
10.1039/c8ee03051k,5
10.1002/aenm.201500038,5
10.1002/admi.201500837,5
10.1039/c6ta09845b,5
10.1039/c8ra04742a,5
10.1039/c7ra13289a,5
10.1021/acsami.7b07775,5
10.1039/c9tc02181g,5
10.1039/c5ta08744a,5
10.1039/c7ta09178h,5
10.1142/S0218625X18501378,5
10.1002/adma.201703852,5
10.1021/acsaem.8b00726,5
10.1016/j.cej.2019.04.099,5
10.1002/cssc.201800625,5
10.1002/chem.201804799,5
10.1039/c8ta11841h,5
10.1016/j.solmat.2017.08.012,5
10.7567/JJAP.55.02BF01,5
10.1016/j.jpowsour.2018.11.013,5
10.1246/cl.150056,5
10.1007/s00339-017-1326-2,5
10.1002/solr.201800282,5
10.1016/j.apsusc.2016.02.206,5
10.1002/adma.201806516,5
10.1088/0957-4484/27/50/505403,5
10.1002/admi.201500790,5
10.1039/c8ta02868k,5
10.1002/slct.201800242,5
10.1016/j.nanoen.2018.06.085,5
10.1016/j.cap.2017.11.010,5
10.1039/c4ta04179h,5
10.3390/polym11060980,5
10.1088/1361-6463/aae2ab,5
10.1016/j.electacta.2018.02.007,5
10.1038/ncomms8747,5
10.1039/c7nr07001b,5
10.1088/1674-4926/37/3/033002,5
10.1002/chem.201404427,5
10.1039/c8ta05282d,5
10.1016/j.jpowsour.2019.05.012,5
10.1166/jnn.2018.14385,5
10.1002/adma.201306271,5
10.1364/OE.24.0A1431,5
10.1016/j.nanoen.2020.104984,5
10.1002/adma.202000571,5
10.1039/d0tc02078h,5
10.1016/j.jallcom.2020.154902,5
10.1039/d0ta05118g,5
10.1039/d0ra00288g,5
10.1007/s11082-020-02327-3,5
10.1016/j.jallcom.2020.153730,5
10.1002/smll.202001772,5
10.1016/j.solener.2020.05.039,5
10.1088/1361-6463/ab938c,5
10.1021/acsami.0c06318,5
10.1039/c7nr01678f,5
10.1016/j.apsusc.2016.06.171,5
10.1039/c5ta01755f,5
10.1021/jacs.8b04984,5
10.1039/c6nr08741h,5
10.1038/s41467-018-05076-w,5
10.1039/c6ta05745d,5
10.1039/c8tc05484c,5
10.1002/solr.201900224,5
10.1007/s11426-019-9653-8,5
10.1007/s10853-020-04896-w,5
10.1039/d0ce00169d,5
10.1002/bkcs.12092,5
10.1038/s41467-019-13998-2,5
10.1039/d0se00460j,5
10.1039/c6ta08783c,5
10.1021/acsami.9b01545,5
10.1002/adma.201801562,5
10.1039/c5cp02705e,5
10.1016/j.matlet.2016.10.090,5
10.1002/advs.201700484,5
10.1016/j.apsusc.2016.02.104,5
10.1016/j.orgel.2019.02.010,5
10.1039/c5nr04179a,5
10.1016/j.orgel.2019.03.002,5
10.1016/j.jpowsour.2019.227484,5
10.1002/adfm.201909737,5
10.1021/acs.jpcc.9b11759,5
10.1016/j.solener.2017.07.065,5
10.1002/adfm.201905951,5
10.1021/jp5023407,5
10.1021/acsami.9b18230,5
10.1016/j.orgel.2019.105387,5
10.1016/j.orgel.2019.105426,5
10.1021/acs.jpclett.8b02408,5
10.1039/c5cc00128e,5
10.1039/c5ta03240g,5
10.1016/j.orgel.2019.03.048,5
10.1016/j.mssp.2017.04.022,5
10.1002/cssc.201802231,5
10.1021/acs.jpcc.7b10334,5
10.1021/acsami.7b14039,5
10.3938/jkps.69.406,5
10.1039/c8cp06418k,5
10.1039/c5ta07515g,5
10.1016/j.ijleo.2018.09.175,5
10.1016/j.nanoen.2017.11.014,5
10.1016/j.orgel.2015.06.046,5
10.1039/c9nj02074h,5
10.1039/c6ra14372e,5
10.1039/c6ra16865e,5
10.1039/c7ta05004f,5
10.1039/c7ra02036h,5
10.1002/aenm.201501354,5
10.1021/acsami.8b17068,5
10.1002/aenm.201602600,5
10.1016/j.electacta.2017.03.145,5
10.1016/j.orgel.2018.11.034,5
10.1039/C5TA02950C,5
10.1155/2016/2953592,5
10.1021/acsami.7b02242,5
10.1039/C7TA01752A,5
10.1016/j.apsusc.2017.07.238,5
10.1002/adma.201802509,5
10.1039/C7TA09193A,5
10.1039/d0ra01501f,5
10.1002/aenm.202000501,5
10.1039/c9se00933g,5
10.1002/advs.202000782,5
10.1039/d0ta01968b,5
10.1038/s41467-019-13908-6,5
10.1002/solr.202000393,5
10.1021/acsami.9b23495,5
10.1016/j.ijleo.2020.164505,5
10.1016/j.nanoen.2021.106537,5
10.1002/ente.202100717,5
10.1016/j.xcrp.2021.100648,5
10.1007/s10118-017-1891-z,4
10.1016/j.nanoen.2018.10.011,4
10.1039/c8ta07968d,4
10.1117/12.2506443,4
10.1039/c6ra15210d,4
10.1016/j.nanoen.2019.02.070,4
10.7567/JJAP.57.02CE01,4
10.1039/c8cp00008e,4
10.1039/c6ta07541j,4
10.1063/1.4974794,4
10.1039/c3ee43707h,4
10.1016/j.orgel.2015.07.028,4
10.1002/chem.201605187,4
10.1039/c8ta03608j,4
10.1039/c5cc05814g,4
10.1039/c7tc01973d,4
10.1021/acsami.7b19053,4
10.1039/c9tc00437h,4
10.1002/pssa.201900491,4
10.1002/adma.201900605,4
10.1002/adfm.201807604,4
10.1002/adfm.201807850,4
10.1039/c9cc06345e,4
10.1002/adfm.201807544,4
10.1039/c9ta08995k,4
10.1016/j.nanoen.2019.104009,4
10.1002/adma.201700183,4
10.1016/j.jpowsour.2019.227065,4
10.1021/acsami.7b10365,4
10.1016/j.jpowsour.2019.227161,4
10.1002/adfm.201905694,4
10.1021/acsami.8b03543,4
10.1002/adfm.201704351,4
10.1039/c7ta00894e,4
10.1016/j.mssp.2019.03.028,4
10.1002/solr.201800327,4
10.1039/c7ra04311b,4
10.1002/pssr.201409320,4
10.1039/c5mh00026b,4
10.1021/acssuschemeng.9b02031,4
10.1021/acsami.6b08771,4
10.1246/cl.180219,4
10.1039/c7cc08657a,4
10.1039/c8ta09724k,4
10.1016/j.jpowsour.2018.07.105,4
10.1246/cl.140074,4
10.1021/acsami.7b09146,4
10.1039/c4cc09556a,4
10.1016/j.isci.2018.03.020,4
10.1016/j.solener.2018.09.017,4
10.1002/adfm.201905190,4
10.1016/j.nanoen.2017.11.024,4
10.1039/c8nr06899b,4
10.1039/c6ee01987k,4
10.1038/srep04756,4
10.1039/c8ta01617h,4
10.1016/j.orgel.2017.08.027,4
10.1063/1.4941217,4
10.1016/j.matlet.2019.04.082,4
10.1016/j.jallcom.2018.08.279,4
10.1021/jacs.5b10614,4
10.1016/j.jechem.2017.09.026,4
10.1002/pip.2919,4
10.1021/acsami.8b18402,4
10.1016/j.mssp.2017.06.049,4
10.7567/JJAP.54.100305,4
10.1039/c8nr09353a,4
10.1002/adma.201806095,4
10.1002/ente.201700597,4
10.1002/cnma.201500223,4
10.1002/aenm.201600401,4
10.1016/j.spmi.2019.05.030,4
10.1039/c8ee01500g,4
10.1039/c8nr00180d,4
10.1016/j.joule.2018.09.014,4
10.1039/c4ee01389a,4
10.1021/acsenergylett.8b00270,4
10.1002/adma.201703236,4
10.1021/acsami.6b07079,4
10.1063/1.5020840,4
10.1021/acsaem.8b01964,4
10.1016/j.orgel.2016.04.012,4
10.1038/ncomms9397,4
10.1016/j.solmat.2018.05.017,4
10.1021/acsami.8b08669,4
10.1039/c6ee01337f,4
10.1016/j.jssc.2015.08.002,4
10.1039/c6ta05288f,4
10.1007/s11426-018-9386-5,4
10.1002/adfm.201808855,4
10.1021/acsphotonics.7b00138,4
10.1002/cjoc.201900219,4
10.1021/acsami.9b14957,4
10.1002/adfm.201900417,4
10.1002/solr.201900089,4
10.1016/j.nanoen.2019.103962,4
10.1039/c9ta06718c,4
10.1002/aenm.201901863,4
10.1021/acsami.7b08504,4
10.1021/acsami.9b13145,4
10.1021/acsami.9b06933,4
10.1016/j.solmat.2019.110052,4
10.1039/c9ra06363c,4
10.1002/adfm.201905487,4
10.1016/j.orgel.2019.06.037,4
10.1016/j.jpowsour.2019.226956,4
10.1002/solr.201900340,4
10.1002/solr.201800230,4
10.1016/j.solmat.2019.110130,4
10.1007/s10853-019-03898-7,4
10.1002/solr.201700073,4
10.1002/smtd.201900164,4
10.1002/solr.201900265,4
10.1039/c7ta04851c,4
10.1039/c8ra03993c,4
10.1016/j.nanoen.2018.05.003,4
10.1002/cssc.201700974,4
10.1002/solr.201800222,4
10.1039/c5nr02874d,4
10.1021/acs.jpcc.8b08075,4
10.1021/acsenergylett.8b00383,4
10.1002/aenm.201702235,4
10.2109/jcersj2.17162,4
10.1002/ente.201700362,4
10.1038/srep38670,4
10.1016/j.jpcs.2018.07.005,4
10.1002/anie.201915422,4
10.1039/c9ta11892f,4
10.1039/c9ta12407a,4
10.1002/solr.201900499,4
10.1016/j.matlet.2018.03.161,4
10.1016/j.apsusc.2017.11.161,4
10.1016/j.jallcom.2017.06.121,4
10.1002/cssc.201700603,4
10.1039/c6tc04944c,4
10.1021/acsaem.8b00106,4
10.1039/c8tc05328f,4
10.1039/c4ta06416j,4
10.1021/acsami.9b05032,4
10.1007/s11664-018-6531-z,4
10.1109/JPHOTOV.2017.2732223,4
10.1039/c8ee00689j,4
10.1002/aenm.201500477,4
10.1049/mnl.2017.0876,4
10.1016/j.solmat.2016.09.047,4
10.1002/adma.201503832,4
10.1016/j.solmat.2017.10.014,4
10.1039/c3nr04857h,4
10.1021/acsami.7b01864,4
10.1039/c9tc03359a,4
10.1016/j.joule.2019.08.006,4
10.1246/bcsj.20190241,4
10.1002/adma.201903448,4
10.3390/coatings9100647,4
10.1002/aenm.201902239,4
10.1016/j.mssp.2019.104671,4
10.1016/j.matlet.2018.02.106,4
10.1016/j.jpowsour.2019.227091,4
10.1021/acs.jpclett.9b02488,4
10.1021/acsami.5b10555,4
10.1155/2019/4360816,4
10.1016/j.orgel.2019.105453,4
10.1021/acsami.9b12579,4
10.1016/j.apsusc.2019.07.232,4
10.1021/acssuschemeng.8b04603,4
10.1016/j.jpowsour.2019.226767,4
10.1007/s10854-019-02199-8,4
10.1038/s41560-019-0466-3,4
10.1063/1.5021923,4
10.1021/acsami.8b07999,4
10.1007/s10854-016-5492-3,4
10.1016/j.cap.2015.01.028,4
10.1016/j.cplett.2019.05.050,4
10.1016/j.electacta.2018.11.055,4
10.1016/j.jpowsour.2018.12.066,4
10.1016/j.jpowsour.2019.02.017,4
10.1016/j.synthmet.2018.10.012,4
10.1021/acs.chemmater.7b02314,4
10.1021/acs.macromol.9b00372,4
10.1021/acs.nanolett.8b02863,4
10.1021/cm503828b,4
10.1039/c4ee03773a,4
10.1039/c7ta03150e,4
10.1039/c9qm00112c,4
10.1246/cl.161163,4
10.1016/j.orgel.2018.09.045,4
10.1016/j.solmat.2017.03.024,4
10.1016/j.solener.2016.09.048,4
10.1002/advs.201800568,4
10.1016/j.orgel.2018.02.026,4
10.1007/s40843-018-9263-7,4
10.1039/c8ta12274a,4
10.7567/JJAP.57.102303,4
10.1039/c7ra12304c,4
10.1016/j.dyepig.2018.08.056,4
10.3866/PKU.WHXB201412241,4
10.1038/s41598-019-43987-w,4
10.1021/acs.jpclett.7b01508,4
10.1021/acs.jpcc.5b11596,4
10.1039/c6ra07359j,4
10.1039/c7nj04448h,4
10.1021/acsenergylett.7b01101,4
10.1016/j.nanoen.2016.05.023,4
10.1063/1.5087246,4
10.1021/acsami.8b00549,4
10.1016/j.orgel.2016.05.004,4
10.1021/ja411014k,4
10.1002/aelm.201600329,4
10.1016/j.electacta.2018.08.117,4
10.1021/acssuschemeng.9b00368,4
10.3390/app8020308,4
10.1038/s41467-018-05531-8,4
10.1038/ncomms8269,4
10.1016/j.jallcom.2018.07.185,4
10.1016/j.solmat.2015.04.028,4
10.1021/acsami.5b11679,4
10.1016/j.jpowsour.2017.05.035,4
10.1021/acsami.9b08026,4
10.1016/j.nanoen.2017.04.010,4
10.1016/j.nanoen.2018.11.050,4
10.1002/adfm.201807556,4
10.1002/smll.201801016,4
10.1039/c5nr02866c,4
10.1039/c6ta06960f,4
10.1002/adma.201700159,4
10.1039/c8ta12519h,4
10.1002/cphc.201500717,4
10.1002/pssa.201900602,4
10.1021/acsami.9b13189,4
10.1021/acsami.9b06305,4
10.1002/adma.201903889,4
10.1002/solr.201900196,4
10.1002/adma.201805944,4
10.1016/j.solener.2019.05.078,4
10.1021/acsami.6b15147,4
10.1002/advs.201700025,4
10.1016/j.synthmet.2019.116114,4
10.1002/adma.201901242,4
10.1063/1.5086692,4
10.1088/1361-6463/aa9df8,4
10.1039/c5ra06876b,4
10.1021/acsenergylett.8b00395,4
10.1016/j.orgel.2017.12.020,4
10.1021/acsami.8b08701,4
10.1021/acsami.8b16649,4
10.1016/j.orgel.2016.10.013,4
10.1016/j.nanoen.2016.10.041,4
10.7567/JJAP.57.08RE10,4
10.1039/c6ta07004c,4
10.1002/adma.201804637,4
10.1016/j.orgel.2016.03.028,4
10.1007/s11426-016-0085-y,4
10.1021/acs.jpcc.7b11010,4
10.1016/j.solener.2018.11.025,4
10.1016/j.dyepig.2018.11.005,4
10.1088/1361-6528/aa9ac9,4
10.21272/jnep.8(4(1)).04004,4
10.1039/c4ta05819d,4
10.1016/j.apsusc.2017.06.189,4
10.1039/c5cp03803k,4
10.1021/acssuschemeng.8b04281,4
10.1002/adfm.201705545,4
10.1016/j.electacta.2018.09.203,4
10.1016/j.nanoen.2017.12.051,4
10.1016/j.nanoen.2015.08.009,4
10.3390/nano9070935,4
10.1021/acsami.6b10668,4
10.1016/j.mtener.2017.10.002,4
10.1179/1433075X14Y.0000000252,4
10.1039/c8ta03782e,4
10.1039/c8se00450a,4
10.1016/j.solidstatesciences.2019.03.024,4
10.1016/j.jpowsour.2018.09.056,4
10.1002/cssc.201403478,4
10.1016/j.solener.2016.07.019,4
10.1021/acsenergylett.8b01857,4
10.1002/adfm.201401872,4
10.1016/j.jallcom.2019.05.148,4
10.1039/c4ta00486h,4
10.1016/j.nanoen.2019.01.041,4
10.1039/c8me00023a,4
10.1002/anie.201310877,4
10.1021/acsenergylett.9b00930,4
10.1021/acsami.7b11329,4
10.1002/admi.201800499,4
10.1016/j.electacta.2017.10.143,4
10.1039/c6ta09020f,4
10.1016/j.solener.2016.10.023,4
10.1002/admi.201901036,4
10.1021/acs.jpcc.6b04642,4
10.1039/c6ta00739b,4
10.1016/j.orgel.2019.04.012,4
10.1039/c8ta12476k,4
10.1186/s11671-018-2633-z,4
10.1039/c6ta02490d,4
10.1039/c9se00081j,4
10.1039/c4ta01310g,4
10.1021/acsenergylett.7b00731,4
10.1021/acsami.9b03413,4
10.1039/c6ta00032k,4
10.1039/c7ta02264f,4
10.1016/j.optmat.2019.04.014,4
10.1039/c6ra07603c,4
10.1039/c7ra05741e,4
10.1002/adfm.201703254,4
10.1016/j.solmat.2016.07.045,4
10.1039/c8ee02575d,4
10.1016/j.solmat.2016.04.059,4
10.1021/acs.jpclett.5b00480,4
10.1016/j.eurpolymj.2018.06.005,4
10.1002/aenm.201801386,4
10.1021/acsami.8b15665,4
10.1016/j.tsf.2015.09.035,4
10.1002/aenm.201802080,4
10.1002/adfm.201703061,4
10.1021/jacs.9b00972,4
10.1021/acsami.6b15175,4
10.1021/jz502367k,4
10.1016/j.jmst.2018.03.005,4
10.1021/acsami.5b05104,4
10.1016/j.cej.2019.04.192,4
10.1021/acs.nanolett.5b04060,4
10.1021/acsami.6b09166,4
10.1039/c6ta05055g,4
10.1021/acsami.5b12336,4
10.1021/acsaem.7b00069,4
10.1038/srep15889,4
10.1063/1.4966893,4
10.1016/j.nanoen.2019.03.061,4
10.1039/c7ra08680f,4
10.1021/acsami.7b15031,4
10.1021/acsami.5b09572,4
10.1021/acs.jpclett.8b01152,4
10.1016/j.scriptamat.2018.04.049,4
10.1021/jacs.7b09526,4
10.1002/anie.201811593,4
10.1002/cssc.201800060,4
10.1002/cssc.201701203,4
10.1021/acsaem.9b00293,4
10.1039/c6ta00989a,4
10.1021/acs.nanolett.8b01440,4
10.1002/aenm.201700722,4
10.1016/j.solener.2018.09.057,4
10.1039/c5ee01720c,4
10.1021/acsami.6b07690,4
10.1021/acsaem.8b00447,4
10.1021/acsami.6b02478,4
10.1002/solr.201700147,4
10.1016/j.electacta.2018.06.019,4
10.1002/aenm.201901631,4
10.1002/anie.201905690,4
10.1039/c6nr05917a,4
10.1016/j.orgel.2017.06.007,4
10.1038/NMAT4795,4
10.1039/c8cc05517c,4
10.1021/acsami.5b10093,4
10.1016/j.orgel.2019.05.011,4
10.1016/j.jechem.2018.03.017,4
10.1016/j.solmat.2019.03.004,4
10.1016/j.nanoen.2018.04.056,4
10.1039/c7nj04978a,4
10.1039/c9tc03111a,4
10.1016/j.nanoen.2017.02.019,4
10.1039/c6cp07733a,4
10.1021/acs.chemmater.6b03564,4
10.1016/j.nanoen.2017.12.028,4
10.1039/c7nr02404e,4
10.1021/acsenergylett.8b01701,4
10.1039/c5ta07008b,4
10.1002/admi.201800191,4
10.1039/c7ee01931a,4
10.1021/acsenergylett.9b01041,4
10.1039/c9ta05121j,4
10.1016/j.electacta.2019.07.031,4
10.1016/j.synthmet.2019.116107,4
10.1002/solr.201900207,4
10.1039/c6nr08375g,4
10.1002/anie.201907331,4
10.1039/c9nr04801d,4
10.1016/j.tsf.2019.05.055,4
10.1002/solr.201900336,4
10.1016/j.electacta.2017.09.091,4
10.1002/aenm.201901719,4
10.1021/acs.nanolett.9b02781,4
10.1021/acsami.7b01306,4
10.1016/j.dyepig.2018.12.034,4
10.1039/c5ra23430a,4
10.1016/j.nanoen.2016.06.044,4
10.1063/1.5098336,4
10.1021/acsnano.9b03098,4
10.1039/c9ra04907j,4
10.1039/c6ta02851a,4
10.1155/2018/2473152,4
10.1063/1.4974942,4
10.1039/c9ta02808k,4
10.1016/j.solener.2017.10.077,4
10.1021/acsenergylett.6b00050,4
10.1039/c6ta09709j,4
10.1039/c6tc03624d,4
10.1002/solr.201800317,4
10.1021/acs.iecr.6b04768,4
10.1016/j.nanoen.2018.06.006,4
10.1039/c6ee00292g,4
10.1021/acsenergylett.7b00980,4
10.1021/acs.jpcc.8b01033,4
10.1002/cphc.201700492,4
10.1039/c8cp03223h,4
10.1016/j.jechem.2017.08.007,4
10.1039/c6ta08021a,4
10.1016/j.jpowsour.2017.05.083,4
10.1002/aenm.201901787,4
10.1002/aenm.201802051,4
10.1007/s10854-017-7691-y,4
10.1021/acs.jpclett.8b00275,4
10.1016/j.materresbull.2018.04.015,4
10.1039/c5ta10288j,4
10.1002/adfm.201706923,4
10.1021/acsami.5b04662,4
10.1039/c7ta01718a,4
10.1039/c6ra28190g,4
10.1039/c9dt00930b,4
10.1039/c4cc08269a,4
10.1021/acsaem.8b00328,4
10.1039/c6ta09028a,4
10.1016/j.nanoen.2017.02.034,4
10.3390/en9050376,4
10.1021/acs.jpcc.6b00309,4
10.1149/2.0171802jss,4
10.1002/slct.201802109,4
10.1002/solr.201800240,4
10.1002/aenm.201803699,4
10.1002/anie.201811539,4
10.1002/ente.201700308,4
10.1007/s40843-015-0102-x,4
10.1016/j.jssc.2016.08.034,4
10.1016/j.nanoen.2018.03.046,4
10.1016/j.solmat.2019.01.041,4
10.1021/acs.jpcc.8b05267,4
10.1021/acs.nanolett.8b01480,4
10.1021/acsaem.7b00103,4
10.1021/acsami.8b22044,4
10.1021/jz500209g,4
10.1039/C4NR04383A,4
10.1039/C6RA12574C,4
10.1126/science.aan2301,4
10.1002/aenm.201903897,4
10.1002/aenm.201902662,4
10.1002/ente.201901171,4
10.1021/acsomega.9b02934,4
10.1002/solr.201900529,4
10.1246/cl.170428,4
10.1039/c5ta09231k,4
10.1021/acsami.8b02503,4
10.1039/c9ta01499c,4
10.1021/acsami.7b12046,4
10.1007/s10854-020-02913-x,4
10.1039/c6ta11238b,4
10.1021/acs.jpcc.6b02858,4
10.1039/c3ee43822h,4
10.1021/acs.jpclett.5b00968,4
10.1038/NPHOTON.2014.82,4
10.1016/j.nanoen.2017.05.061,4
10.1021/acsenergylett.7b00847,4
10.1002/adfm.201804427,4
10.1039/C6TA00739B,4
10.1016/j.matdes.2017.04.010,4
10.1039/C5RA23359C,4
10.1002/aenm.201401229,4
10.1038/NENERGY.2015.12,4
10.1016/j.solmat.2015.09.018,4
10.1038/s41560-018-0153-9,4
10.1039/C4TA05819D,4
10.1002/aelm.201600470,4
10.1002/aenm.201703506,4
10.1002/adma.201402461,4
10.1002/pssr.201510386,4
10.1063/1.4905932,4
10.1016/j.electacta.2017.10.185,4
10.1021/acsami.7b17781,4
10.1021/acs.jpcc.5b09300,4
10.1021/am5077588,4
10.1021/jz502720a,4
10.1002/admi.201500849,4
10.1039/c3cc46534a,4
10.1039/c3nr00218g,4
10.1021/jz401527q,4
10.1126/science.1243982,4
10.1038/ncomms3761,4
10.1126/science.aax8018,4
10.1016/j.jpowsour.2017.12.024,4
10.1002/solr.201800275,4
10.1016/j.nanoen.2017.05.058,4
10.1002/aenm.201701569,4
10.1109/LED.2018.2828501,4
10.1039/c7nr03963h,4
10.5796/electrochemistry.85.231,4
10.1002/chem.201705658,4
10.1039/c7ra10677g,4
10.1002/aenm.201401855,4
10.3390/polym11030427,4
10.1016/j.tsf.2018.07.025,4
10.7498/aps.68.20190306,4
10.1016/j.orgel.2016.08.012,4
10.1002/slct.201701479,4
10.6023/A14110823,4
10.1039/c8ta11361k,4
10.1021/acsami.8b10332,4
10.1039/c8ra00243f,4
10.1016/j.jphotochem.2018.11.024,4
10.1021/acsami.8b10253,4
10.1021/acs.jpcc.7b09537,4
10.1021/acsami.7b17701,4
10.1002/cssc.201801888,4
10.1021/acsami.8b02611,4
10.1039/c9ee00528e,4
10.1021/acsenergylett.6b00513,4
10.1002/cssc.201802421,4
10.1002/adma.201602785,4
10.1002/advs.201700131,4
10.1016/j.nanoen.2019.01.060,4
10.1039/c6ra28501e,4
10.1039/c5ta00407a,4
10.1002/adfm.201504190,4
10.1039/c8tc00110c,4
10.3390/nano7070166,4
10.1039/c5ra01540e,4
10.1039/c6nr07689k,4
10.1098/rsos.170980,4
10.1039/c8ta02522c,4
10.1186/s11671-019-2936-8,4
10.1016/j.nanoen.2019.02.049,4
10.1002/adma.201705786,4
10.1016/j.egypro.2017.03.1025,4
10.1016/j.jpowsour.2017.01.121,4
10.1063/1.4926363,4
10.1016/j.carbon.2019.01.047,4
10.1039/c4ra17316c,4
10.1039/c8ta11651b,4
10.1039/c6ta03658a,4
10.1016/j.egypro.2017.03.300,4
10.1109/JPHOMV.2018.2877002,4
10.1016/j.solener.2019.02.020,4
10.7567/JJAP.57.04FS07,4
10.1088/2053-1591/ab221b,4
10.1063/1.4974790,4
10.1002/advs.201900548,4
10.1002/aenm.201802139,4
10.1039/c9nr02777g,4
10.1021/nl504168q,4
10.1016/j.optmat.2018.07.071,4
10.1002/pssa.201900087,4
10.1002/pssa.201800894,4
10.1038/am.2016.85,4
10.1116/1.5052287,4
10.1063/1.4938570,4
10.1039/c6ta10468a,4
10.1002/cssc.201801249,4
10.1039/c6ta06232f,4
10.1021/acsenergylett.8b00055,4
10.1002/aenm.201501310,4
10.1039/c5nr01364j,4
10.1007/s10854-019-01446-2,4
10.1016/j.mseb.2017.01.004,4
10.1186/s11671-017-1872-8,4
10.1039/c4ta06392a,4
10.1002/chem.201806053,4
10.1039/c7se00377c,4
10.1002/adma.201601745,4
10.15541/jim20160041,4
10.1021/acsami.5b07703,4
10.1039/c6nr09972f,4
10.1021/acs.jpclett.6b01909,4
10.1002/aenm.201601116,4
10.1016/j.electacta.2017.10.085,4
10.1039/c5ta03796d,4
10.1039/c8ra08946a,4
10.1002/adma.201901152,4
10.1039/c6qm00248j,4
10.1039/c7ta08827b,4
10.1039/c6ra25606f,4
10.1016/j.materresbull.2018.12.013,4
10.1246/cl.160881,4
10.1016/j.nanoen.2017.05.049,4
10.1038/ncomms11105,4
10.1021/acsenergylett.8b01507,4
10.1021/acsami.7b03941,4
10.1002/ente.201800066,4
10.1007/s10854-018-0262-z,4
10.1039/c7ra04611a,4
10.1002/aenm.201502466,4
10.1038/srep27773,4
10.1039/c9tc01741k,4
10.1039/c8ra03119c,4
10.1016/j.mssp.2016.07.003,4
10.1002/chem.201703382,4
10.1016/j.solener.2019.04.084,4
10.1088/1674-1056/26/12/128801,4
10.1088/1361-6463/aad685,4
10.1016/j.mtener.2017.10.001,4
10.1002/adom.201801368,4
10.1039/c9ta03176f,4
10.1002/cphc.201700740,4
10.1016/j.solmat.2016.09.043,4
10.1039/c8nr08295b,4
10.1039/c8nj05941a,4
10.1021/jp500717w,4
10.1016/j.jpowsour.2014.08.095,4
10.1063/1.4974796,4
10.1038/s41598-017-06245-5,4
10.1039/c5ra10148d,4
10.1155/2018/7545914,4
10.1246/cl.161194,4
10.1039/c6se00070c,4
10.1016/j.jpowsour.2017.08.056,4
10.1002/smtd.201800521,4
10.1021/acs.nanolett.5b00787,4
10.1002/aenm.201701305,4
10.1016/j.nanoen.2018.11.019,4
10.1088/1674-1056/27/1/018810,4
10.1007/s11051-017-4108-z,4
10.1016/j.orgel.2015.08.021,4
10.1063/1.4941218,4
10.1021/jacs.8b13423,4
10.1016/j.jechem.2015.10.020,4
10.1002/adfm.201600746,4
10.1002/adfm.201901476,4
10.1016/j.solmat.2015.06.018,4
10.1002/adma.201703682,4
10.1039/c5ra09691j,4
10.1002/adma.201400231,4
10.1039/c6nr01010e,4
10.1039/c6ra21448g,4
10.1038/s41598-018-20296-2,4
10.1039/c8ta01192c,4
10.1039/c6ra21423a,4
10.1016/j.jpowsour.2015.03.152,4
10.1039/c7se00080d,4
10.1021/acs.jpcc.8b01592,4
10.1002/admi.201600484,4
10.1002/adma.201804217,4
10.1002/advs.201900252,4
10.1021/acs.nanolett.8b01863,4
10.1016/j.jechem.2015.10.021,4
10.1016/j.cej.2018.06.124,4
10.1021/jz502429u,4
10.1038/nphoton.2014.82,4
10.7567/1347-4065/ab241c,4
10.1557/adv.2016.272,4
10.1016/j.nanoen.2016.09.008,4
10.1039/c8ta09433k,4
10.7567/APEX.10.062301,4
10.1021/acs.jpcc.6b09722,4
10.1246/cl.150743,4
10.1016/j.jpowsour.2017.05.050,4
10.1063/1.4941221,4
10.1021/acsami.5b08157,4
10.1016/j.molstruc.2018.08.021,4
10.1063/1.4994085,4
10.1016/j.egypro.2017.03.391,4
10.1016/j.apsusc.2017.05.122,4
10.1002/aenm.201800554,4
10.1039/c8cc09557d,4
10.1002/aenm.201601733,4
10.1515/lpts-2017-0027,4
10.1039/c9tc00605b,4
10.1155/2017/4935265,4
10.1038/s41467-018-06709-w,4
10.1021/acsami.7b01063,4
10.1021/jacs.6b10651,4
10.7567/APEX.7.052301,4
10.1088/1361-6528/aab795,4
10.1016/j.orgel.2018.07.029,4
10.1021/acs.jpcc.8b03948,4
10.1021/ja502824c,4
10.1039/c8ce01337c,4
10.1021/acsenergylett.8b00509,4
10.1016/j.solmat.2016.08.013,4
10.1021/acsnano.6b01535,4
10.1021/acsami.6b10803,4
10.1039/c7nr03487c,4
10.1039/c6nr06741g,4
10.1007/s10853-018-03258-x,4
10.1016/j.solener.2019.02.011,4
10.1007/s10854-019-01009-5,4
10.1007/s10854-018-0403-4,4
10.1021/acs.jpcc.8b09722,4
10.1088/1742-6596/1135/1/012067,4
10.1002/adfm.201504041,4
10.1002/aenm.201900834,4
10.1021/acs.jpclett.9b00479,4
10.1021/acsnano.8b03586,4
10.1039/c9ta00239a,4
10.1021/ja503272q,4
10.1016/j.orgel.2016.03.017,4
10.1039/c6ta05254a,4
10.1021/acs.jpclett.6b01199,4
10.1021/acsenergylett.6b00600,4
10.1039/c6cc06290c,4
10.1016/j.solmat.2018.05.062,4
10.1016/j.cplett.2016.12.036,4
10.1021/acsami.7b14254,4
10.1021/ja504539w,4
10.1039/c7tc00597k,4
10.1021/acsami.7b08488,4
10.1002/adma.201606964,4
10.3390/ma12132037,4
10.3303/CET1652062,4
10.3390/polym11010147,4
10.1039/c6ra22023a,4
10.1002/aenm.201502536,4
10.1088/2053-1591/aaaa88,4
10.1016/j.solmat.2017.01.040,4
10.1039/c6ra11936k,4
10.1002/aenm.201703246,4
10.1016/j.jpowsour.2016.04.032,4
10.1039/c7nr01135k,4
10.1039/c8ta10892g,4
10.1021/nn5014879,4
10.1039/c5ta01824b,4
10.1002/adma.201403939,4
10.1039/c6ee01969b,4
10.1039/c9ra01186b,4
10.7567/1882-0786/ab1fb6,4
10.1364/AO.59.000552,4
10.1016/j.synthmet.2019.116197,4
10.1039/c9tc03941d,4
10.1063/1.5127275,4
10.1021/acsami.9b13278,4
10.1039/c9tc04851k,4
10.1002/ente.201901042,4
10.1021/acsami.9b13648,4
10.1002/aenm.201903146,4
10.1134/S1063785019090050,4
10.1016/j.nanoen.2019.104229,4
10.1016/j.nanoen.2019.104241,4
10.1016/j.jcis.2019.09.087,4
10.1021/acsaem.9b00613,4
10.3390/molecules24224039,4
10.1109/JPHOTOV.2017.2765082,4
10.1021/acsami.6b07647,4
10.1246/cl.170804,4
10.1007/s11468-016-0255-9,4
10.1039/c8ta07617k,4
10.1002/adma.201706975,4
10.1016/j.nanoen.2019.04.051,4
10.1016/j.apsusc.2016.03.093,4
10.1002/admi.201801667,4
10.1002/pssr.201600166,4
10.1016/j.orgel.2018.05.033,4
10.1039/c5ta04904k,4
10.1016/j.nanoen.2017.06.037,4
10.1002/pssr.201800130,4
10.1063/1.4916345,4
10.1016/j.orgel.2016.10.022,4
10.1038/ncomms7142,4
10.1007/s10854-018-9734-4,4
10.1007/s10854-019-01001-z,4
10.1039/c8ta02584c,4
10.1002/adma.201504168,4
10.1039/c5ta09067a,4
10.1186/s11671-017-2381-5,4
10.1038/s41598-017-00866-6,4
10.1002/anie.201807270,4
10.1016/j.ijleo.2017.09.100,4
10.1002/adfm.201803269,4
10.1039/c7nr05695h,4
10.1021/acs.jpclett.5b00902,4
10.1021/acsami.8b10445,4
10.1021/acs.nanolett.5b00116,4
10.1016/j.orgel.2019.03.031,4
10.1016/j.jpowsour.2016.10.101,4
10.1002/aenm.201602736,4
10.1039/c5ra23359c,4
10.1002/aenm.201700162,4
10.1039/c9qi00557a,4
10.1021/acs.inorgchem.8b01030,4
10.1088/1674-1056/25/2/028402,4
10.1016/j.matlet.2019.01.132,4
10.1002/ente.201700377,4
10.1007/s12274-017-1894-7,4
10.7567/JJAP.57.02CE03,4
10.1002/solr.201700175,4
10.1039/c8ra00639c,4
10.1016/j.mtener.2017.06.009,4
10.1039/c4ta05613b,4
10.1021/acsami.8b19036,4
10.1039/c6ee02650h,4
10.1039/c9ta03336j,4
10.1039/c8ee03672a,4
10.1002/cssc.201600210,4
10.1039/c8ra10603g,4
10.1002/adfm.201806479,4
10.1016/j.joule.2017.07.017,4
10.1002/aenm.201703432,4
10.1021/acsnano.7b07559,4
10.1016/j.solener.2016.10.032,4
10.1063/1.4901510,4
10.1039/c5ee03911h,4
10.1002/adma.201706023,4
10.1021/acsami.5b07446,4
10.1002/aenm.201900896,4
10.1038/s41467-019-08843-5,4
10.1002/cphc.201500163,4
10.1038/s41467-019-10985-5,4
10.1002/adma.201606608,4
10.1002/cssc.201802234,4
10.1021/acssuschemeng.8b05610,4
10.1016/j.solmat.2016.06.037,4
10.1002/adfm.201504245,4
10.1016/j.solmat.2019.04.026,4
10.1007/s10854-019-01090-w,4
10.1002/cssc.201700797,4
10.1039/c5nr06217a,4
10.1039/c7ta10871k,4
10.1039/c7ee02185b,4
10.1016/j.nanoen.2015.11.024,4
10.1039/c8ta10630d,4
10.1016/j.electacta.2017.06.149,4
10.1002/adma.201706401,4
10.1002/ente.201700484,4
10.1016/j.chempr.2018.03.005,4
10.1002/adma.201801010,4
10.1016/j.jpcs.2018.09.019,4
10.1016/j.matlet.2016.06.018,4
10.1186/s40580-017-0113-2,4
10.1016/j.apsusc.2018.08.077,4
10.1039/c5ee03394b,4
10.1021/acs.jpclett.8b00964,4
10.1016/j.solmat.2018.05.025,4
10.1021/acsami.7b11083,4
10.1002/aenm.201602120,4
10.1002/smll.201601974,4
10.1002/solr.201700096,4
10.1186/s11671-016-1809-7,4
10.1186/s11671-015-1020-2,4
10.1021/acs.analchem.7b02800,4
10.1002/slct.201800593,4
10.1016/j.solmat.2017.02.011,4
10.1002/cphc.201601168,4
10.1039/c8ta09146c,4
10.1007/s11434-016-1050-x,4
10.1246/cl.150246,4
10.1016/j.apsusc.2016.09.138,4
10.1021/acsenergylett.7b01255,4
10.1039/c6tc05189h,4
10.1002/pssr.201900103,4
10.1039/c7ta06465a,4
10.3390/met6070147,4
10.1039/c8ta03811b,4
10.1016/j.jcis.2017.11.066,4
10.1021/acsami.9b17535,4
10.1016/j.solener.2019.11.071,4
10.1039/c9ta12368g,4
10.1016/j.electacta.2020.135686,4
10.1016/j.jphotochem.2019.112218,4
10.1021/acs.iecr.9b05173,4
10.1016/j.solener.2019.11.094,4
10.1021/acsaem.8b02145,4
10.1016/j.jallcom.2017.12.188,4
10.1016/j.nanoen.2017.09.051,4
10.1021/acsami.8b20924,4
10.1021/acssuschemeng.8b00314,4
10.1007/s11426-016-0115-x,4
10.1039/c7ta08204e,4
10.1002/cnma.201900097,4
10.1016/j.apsusc.2017.01.037,4
10.1021/acsaem.8b01508,4
10.1126/sciadv.1700841,4
10.1016/j.solmat.2016.10.011,4
10.1016/j.orgel.2018.09.040,4
10.1039/c7ta00539c,4
10.1016/j.dyepig.2016.12.067,4
10.1002/aenm.201500436,4
10.1088/1367-2630/aaf8eb,4
10.1002/solr.201800188,4
10.1016/j.apsusc.2018.04.058,4
10.1021/acs.jpcc.6b06799,4
10.1021/acsami.6b16541,4
10.1021/acs.jpcc.6b09412,4
10.7567/JJAP.56.08MC04,4
10.1021/acsami.8b03444,4
10.1039/c6ta00577b,4
10.1021/acsenergylett.6b00013,4
10.1039/c7ta07545f,4
10.1039/c7ra01430a,4
10.1016/j.solmat.2017.10.031,4
10.1021/acsenergylett.8b01300,4
10.1002/cssc.201702248,4
10.1039/c7cc01104k,4
10.1002/adfm.201805810,4
10.1016/j.carbon.2017.10.015,4
10.1155/2018/8654963,4
10.1016/j.orgel.2019.105396,4
10.1016/j.jpowsour.2019.227405,4
10.1002/adfm.201907442,4
10.1002/anie.201915022,4
10.1016/j.isci.2019.100762,4
10.1038/s41598-019-56164-w,4
10.1016/j.vacuum.2019.109077,4
10.1039/c6ra12205a,4
10.1039/c5ta10055k,4
10.1016/j.solmat.2018.12.010,4
10.1246/cl.190210,4
10.1021/acsami.8b18867,4
10.1016/j.orgel.2018.11.020,4
10.1039/c6ra10007d,4
10.1002/aenm.201400980,4
10.1039/c7ra00274b,4
10.1039/c7tc01224a,4
10.1002/cphc.201800732,4
10.1002/adma.201603062,4
10.1021/acsami.7b11084,4
10.1021/acs.jpclett.7b02848,4
10.1016/j.electacta.2016.11.119,4
10.1016/j.solener.2015.10.019,4
10.1021/acsami.8b22040,4
10.1039/c5ta10696f,4
10.1002/solr.202100249,4
10.1016/j.cplett.2016.08.067,4
10.1002/adfm.202107359,4
10.1246/cl.180384,4
10.1088/1361-6463/ac1e4c,4
10.1016/j.renene.2019.07.162,4
10.1021/acsaem.9b01675,4
10.1021/acsaem.9b01658,4
10.1016/j.solener.2019.10.078,4
10.1002/adma.202201451,4
10.1002/adma.202110356,4
10.1002/solr.201900138,4
10.1007/s12274-019-2556-8,4
10.1002/solr.201800357,4
10.1016/j.dyepig.2019.107954,4
10.1016/j.mssp.2019.104798,4
10.1021/acsenergylett.0c02445,4
10.1016/j.joule.2019.05.016,4
10.1021/acsami.9b15166,4
10.1007/s11426-021-1306-4,4
10.1002/solr.202200134,4
10.1002/adfm.202200431,4
10.1039/d1se01692j,4
10.1021/acsami.9b16394,4
10.1002/smll.201907226,4
10.1109/JPHOT.2021.3067703,4
10.1016/j.isci.2019.09.024,4
10.1021/acsenergylett.9b02224,4
10.1002/solr.201900233,4
10.1021/acsnano.9b02362,4
10.1002/solr.201800325,4
10.1021/jacs.7b11157,4
10.1039/c8se00314a,4
10.1126/science.abh1885,4
10.1039/c7ta06900f,4
10.1021/acsami.9b01740,4
10.1016/j.solmat.2016.09.014,4
10.3390/ma12050726,4
10.1021/acsaem.8b01364,4
10.1039/c6ta09687e,4
10.1016/j.jechem.2018.03.001,4
10.1002/advs.201600027,4
10.1021/acs.chemmater.5b04122,4
10.1039/c9nr07377a,4
10.1002/ente.201901185,4
10.1088/2053-1591/ab4d85,4
10.1002/solr.201900333,4
10.1016/j.tsf.2019.137627,4
10.1002/solr.201900030,4
10.1039/c9ta08314f,4
10.1002/adma.201904347,4
10.1039/c9nr08432k,4
10.1002/aenm.201903231,4
10.1016/j.jallcom.2019.152742,4
10.1039/c9ee02983d,4
10.1039/c9ta10543c,4
10.1016/j.mtener.2019.100341,4
10.3390/coatings8110408,4
10.1039/c5ta08622a,4
10.1021/acsami.6b13362,4
10.1002/adfm.201606156,4
10.1021/acs.iecr.9b00795,4
10.1016/j.jpowsour.2016.04.062,4
10.1039/c6sc00973e,4
10.1002/admi.201900789,4
10.1039/c4ta06700b,4
10.1002/anie.201806392,4
10.1002/adma.201707583,4
10.1039/c8ta06081a,4
10.1021/acs.jpcc.5b11540,4
10.1021/acs.jpcc.5b02784,4
10.1039/c8tc01956h,4
10.1039/c9ra02036e,4
10.1002/anie.201906017,4
10.1002/aenm.201900198,4
10.1016/j.jpowsour.2019.226699,4
10.1016/j.nanoen.2017.04.047,4
10.1039/c8ta04453h,4
10.1021/acsami.8b01683,4
10.1021/jacs.7b10739,4
10.1021/acsami.8b18807,4
10.1021/nn5058672,4
10.1039/c4nr02065k,4
10.1007/s40843-017-9027-1,4
10.1039/c8dt03296c,4
10.1021/acsami.6b13868,4
10.1016/j.solmat.2016.10.035,4
10.1016/j.cplett.2017.11.058,4
10.1016/j.nanoen.2016.11.039,4
10.1002/solr.201800217,4
10.1016/j.solmat.2018.05.022,4
10.1039/c7ta00203c,4
10.1021/acsami.8b15396,4
10.1016/j.mtcomm.2018.01.006,4
10.1016/j.orgel.2015.05.027,4
10.1039/c7tc03931j,4
10.1016/j.nanoen.2018.04.016,4
10.1039/c5nr08658b,4
10.1016/j.tsf.2018.03.088,4
10.1016/j.jpowsour.2016.11.030,4
10.1002/adma.201505279,4
10.1016/j.solmat.2017.05.007,4
10.1039/c5ta02184g,4
10.1021/acsami.5b04695,4
10.1039/c6ra08584a,4
10.3390/coatings6040053,4
10.1021/acsenergylett.7b00526,4
10.1002/solr.201800103,4
10.1002/adma.201606555,4
10.1039/c7nr08289d,4
10.1002/cphc.201301047,4
10.1007/s40820-018-0187-3,4
10.1039/c6ra18823k,4
10.1039/c7nr04739h,4
10.1039/c7ra01869j,4
10.1021/jz502694g,4
10.1016/j.solener.2015.10.018,4
10.1021/jacs.8b07927,4
10.1002/pssa.201700268,4
10.1002/aenm.201703057,4
10.1021/acsami.6b09532,4
10.1016/j.orgel.2017.10.037,4
10.1088/1674-4926/38/1/014004,4
10.1021/acs.jpcc.7b02411,4
10.1002/ente.202000071,4
10.1039/c9se01205b,4
10.1021/acsaem.9b02117,4
10.1007/s13204-020-01357-3,4
10.1002/adma.201907769,4
10.1016/j.solmat.2019.110290,4
10.1021/acssuschemeng.0c02983,4
10.1039/c9sc05694g,4
10.1039/c5nr00420a,4
10.1063/1.4943019,4
10.1016/j.mssp.2017.08.027,4
10.1039/c7qm00473g,4
10.3390/nano8090720,4
10.1016/j.electacta.2018.04.055,4
10.3390/cryst8090358,4
10.1039/C7QM00221A,4
10.1021/acsami.8b10062,4
10.1002/adma.201803244,4
10.1016/j.solmat.2019.110110,4
10.1021/acsami.6b14040,4
10.1007/s10854-019-02345-2,4
10.1016/j.solener.2019.05.073,4
10.1088/1361-6641/ab2309,4
10.1002/cphc.201700536,4
10.1016/j.jallcom.2019.151970,4
10.1007/s00339-017-1240-7,4
10.1039/c9tc02744k,4
10.1016/j.nanoen.2018.11.004,4
10.1021/acsami.5b12740,4
10.1021/acsami.9b09018,4
10.1016/j.solmat.2019.110029,4
10.1002/solr.201900285,4
10.1080/14686996.2019.1633952,4
10.1021/acsaem.0c00038,4
10.1016/j.orgel.2019.105560,4
10.1016/j.solmat.2019.110317,4
10.1016/j.solener.2020.03.086,4
10.1007/s40843-020-1306-0,4
10.1021/acsami.0c06315,4
10.1007/s40820-020-00517-y,4
10.1016/j.solener.2020.04.021,4
10.1016/j.orgel.2020.105681,4
10.1002/adma.201908011,4
10.1016/j.jechem.2019.10.017,4
10.1016/j.solmat.2019.110316,4
10.1039/c9ta14207j,4
10.3390/nano10061082,4
10.1021/jacs.9b03662,4
10.1016/j.jallcom.2019.05.204,4
10.1016/j.solmat.2016.10.041,4
10.1007/s10008-016-3262-z,4
10.1002/solr.201900020,4
10.1039/c4ta07036d,4
10.1016/j.jallcom.2017.12.199,4
10.1021/acssuschemeng.8b01550,4
10.1016/j.solener.2018.07.057,4
10.14456/jmmm.2018.13,4
10.1016/j.jpowsour.2019.05.075,4
10.1039/c6ra03485c,4
10.1039/c8nr02903b,4
10.1039/c4cc06716a,4
10.1007/s10854-016-4640-0,4
10.1002/adfm.201601119,4
10.1016/j.nanoen.2017.11.008,4
10.1016/j.solener.2019.01.008,4
10.1016/j.dyepig.2019.108031,4
10.1021/acs.jpclett.9b03414,4
10.1002/aenm.201903696,4
10.1002/adfm.201804067,4
10.1021/acsaem.9b02102,4
10.1364/OME.380354,4
10.1016/j.materresbull.2017.07.043,4
10.1021/acsami.5b12023,4
10.1039/c9ta04166d,4
10.1002/pssa.201600591,4
10.1021/acsami.8b19143,4
10.1002/cnma.201800064,4
10.1039/c6ta05497h,4
10.1021/acsami.8b09515,4
10.1021/acsenergylett.6b00672,4
10.3390/polym10111227,4
10.1016/j.jechem.2017.11.021,4
10.1007/s11664-019-07153-2,4
10.1021/acsaem.8b00681,4
10.1021/acsenergylett.7b00112,4
10.1364/OE.26.00A984,4
10.1016/j.solmat.2017.01.004,4
10.1039/c5nr06715d,4
10.1016/j.orgel.2019.01.016,4
10.1002/cjoc.201900317,4
10.1002/anie.201903705,4
10.1039/c9ta05948b,4
10.1016/j.nanoen.2018.10.023,4
10.1002/adfm.201809180,4
10.1088/2053-1591/aad311,4
10.1166/jnn.2016.12221,4
10.1155/2019/2878060,4
10.1016/j.solener.2019.04.019,4
10.1016/j.electacta.2018.10.032,4
10.1016/j.solmat.2017.03.032,4
10.1039/c8ra08022d,4
10.1007/s11664-018-6614-x,4
10.1016/j.matlet.2015.09.092,4
10.1039/c6ta10212c,4
10.1039/c4ta06011c,4
10.1039/c9ta06317j,4
10.1016/j.jpowsour.2019.02.018,4
10.7567/JJAP.56.04CS11,4
10.1007/s40820-017-0159-z,4
10.1016/j.solmat.2017.04.027,4
10.1007/s10854-018-9273-z,4
10.1039/c5nr03476k,4
10.1016/j.orgel.2017.06.001,4
10.1039/c7ra09824c,4
10.1002/adma.201901673,4
10.1002/aenm.201802646,4
10.1002/ente.201700365,4
10.1038/nature25989,4
10.1016/j.orgel.2018.03.041,4
10.1088/2053-1591/aaa616,4
10.1021/acsami.5b08038,4
10.1109/TED.2015.2413671,4
10.1002/aenm.201501358,4
10.1039/c7ee02048a,4
10.1007/s11426-016-0289-4,4
10.1021/acs.jpclett.9b01822,4
10.1039/c9tc01058k,4
10.1002/aenm.201702872,4
10.1039/c7nr07933h,4
10.1016/j.matlet.2020.128174,4
10.1021/acsomega.0c00067,4
10.1021/acssuschemeng.0c01216,4
10.1016/j.solener.2020.05.028,4
10.1016/j.solener.2020.06.016,4
10.1016/j.jpowsour.2020.228210,4
10.1002/aenm.202001832,4
10.1007/s10853-019-04342-6,4
10.1016/j.orgel.2019.105573,4
10.1002/advs.202000480,4
10.1002/solr.202000262,4
10.1016/j.solmat.2020.110553,4
10.1021/acsenergylett.0c01297,4
10.1002/admi.202001604,4
10.1088/2515-7655/ab78ef,4
10.1039/D2CC06511H,4
10.1002/smll.202203319,4
10.1021/acs.jpcc.1c03213,4
10.1038/s41467-024-50962-1,4
10.1016/j.electacta.2017.06.032,3
10.1002/adfm.201604733,3
10.1016/j.jpowsour.2018.08.070,3
10.1246/cl.180616,3
10.1088/2053-1591/aa7fcd,3
10.1038/ncomms10228,3
10.1021/acsami.8b15513,3
10.1186/s11671-016-1621-4,3
10.1039/c7tc02646c,3
10.1021/acs.chemmater.8b00676,3
10.1002/solr.201700173,3
10.1016/j.apsusc.2018.04.245,3
10.1016/j.jphotochem.2016.09.003,3
10.1021/acsaem.8b00372,3
10.1021/nn507345e,3
10.1021/acssuschemeng.8b02406,3
10.1002/aenm.201700012,3
10.1039/c6ta09202k,3
10.1039/c6ra19702g,3
10.1021/acs.jpclett.6b00295,3
10.1039/c9cc06155j,3
10.3389/fphy.2019.00166,3
10.1080/15421406.2018.1456072,3
10.3791/59929,3
10.1021/acsami.9b15867,3
10.1002/anie.201911796,3
10.1016/j.synthmet.2019.116178,3
10.1002/solr.201900384,3
10.1002/pssa.201532944,3
10.1039/c6nr04288k,3
10.1109/LED.2017.2735178,3
10.1002/aenm.201801050,3
10.1007/s10854-019-01258-4,3
10.1039/c7ta07674f,3
10.1016/j.nanoen.2019.01.034,3
10.1039/c9ra01839e,3
10.1021/acsami.9b07149,3
10.1039/c7nr05764d,3
10.1016/j.solmat.2017.07.016,3
10.1016/j.solener.2018.11.024,3
10.1002/aenm.201601062,3
10.1021/acsami.6b04760,3
10.1021/acssuschemeng.8b04078,3
10.1039/c8ta08019d,3
10.1039/c7tc02928d,3
10.1002/cjoc.201600704,3
10.1039/c5ra27434f,3
10.1016/j.jallcom.2019.02.027,3
10.1016/j.solmat.2017.07.011,3
10.1038/s41467-018-07655-3,3
10.1021/acsaem.8b00160,3
10.1088/2053-1591/ab2a5c,3
10.1007/s11426-018-9250-6,3
10.1002/cphc.201402815,3
10.1002/adma.201701440,3
10.1039/c6nr07450b,3
10.7567/JJAP.57.02CE07,3
10.1016/j.jcis.2018.10.011,3
10.1038/s41598-017-05317-w,3
10.1016/j.opelre.2017.07.004,3
10.1007/s10853-017-1876-x,3
10.1039/c6ta10588b,3
10.1007/s10854-018-9382-8,3
10.1002/chem.201706104,3
10.1016/j.jechem.2019.03.033,3
10.1021/jacs.8b01037,3
10.1039/c4ra05564k,3
10.7567/JJAP.57.08RE11,3
10.1002/chem.201800460,3
10.1002/advs.201800793,3
10.1098/rsta.2018.0315,3
10.1039/c7ta09967c,3
10.1002/solr.201800002,3
10.1016/j.solmat.2017.07.013,3
10.1021/acs.jpcc.7b08384,3
10.1021/acsami.6b07781,3
10.1016/j.solmat.2017.01.008,3
10.1021/jz5011187,3
10.1021/acsami.7b11977,3
10.7567/JJAP.57.08RE06,3
10.1002/admi.201500678,3
10.1039/c5ta06041a,3
10.1088/1361-6463/ab140f,3
10.1016/j.jallcom.2019.152091,3
10.1002/aenm.201501320,3
10.1002/aenm.201901268,3
10.1021/jacs.9b06418,3
10.1038/s41467-019-12613-8,3
10.1021/acsenergylett.7b00054,3
10.1016/j.jpowsour.2019.226819,3
10.1016/j.nanoen.2019.02.075,3
10.1039/c9ta06875a,3
10.1002/solr.201900191,3
10.1002/aenm.201901685,3
10.1016/j.vacuum.2019.05.025,3
10.1021/acsami.9b09490,3
10.1364/OME.7.003322,3
10.1038/s41598-019-51945-9,3
10.1016/j.solener.2019.04.085,3
10.1002/asia.201501425,3
10.1007/s11696-017-0373-7,3
10.1002/admi.201900517,3
10.1039/c9se00448c,3
10.1039/c7ra02496g,3
10.1039/c7ta04014h,3
10.1016/j.solener.2019.01.095,3
10.1246/cl.150445,3
10.1002/adfm.201501289,3
10.1039/c7cp01936j,3
10.1016/j.electacta.2018.05.087,3
10.1016/j.jpowsour.2017.01.092,3
10.1039/c7nr08797g,3
10.1039/c7ra03066e,3
10.1142/S1793604718500352,3
10.1021/acsami.7b07071,3
10.1126/science.aav7911,3
10.1039/c8cc09905g,3
10.1016/j.tsf.2020.137786,3
10.1002/admi.201901964,3
10.1016/j.solener.2019.12.011,3
10.1016/j.solener.2016.10.005,3
10.1039/c8ta02071j,3
10.1039/c5cc01483b,3
10.1039/c5ta05220c,3
10.1016/j.nanoen.2015.10.006,3
10.1039/c6cp04793a,3
10.1142/S2010135X18500066,3
10.1021/acsami.5b00077,3
10.1002/aenm.201601128,3
10.1016/j.jpowsour.2016.08.102,3
10.1038/s41563-018-0115-4,3
10.1002/cphc.201900824,3
10.1002/ente.201900627,3
10.1021/acsomega.9b01352,3
10.1071/CH15245,3
10.1021/acsnano.5b03626,3
10.1002/solr.201900078,3
10.1002/adma.201800855,3
10.1002/aelm.201700139,3
10.1002/aenm.201702960,3
10.1002/aenm.201803600,3
10.1002/er.3743,3
10.1016/j.orgel.2016.06.019,3
10.1016/j.orgel.2018.05.010,3
10.1016/j.solener.2019.04.092,3
10.1016/j.synthmet.2016.06.003,3
10.1021/jz5021636,3
10.1039/c8ta03054e,3
10.1063/1.5021931,3
10.1016/j.jcis.2018.04.019,3
10.1016/j.solener.2016.10.025,3
10.1039/c5ta01277e,3
10.1002/cssc.201801433,3
10.1002/solr.201800139,3
10.1007/s10854-017-6928-0,3
10.1016/j.nanoen.2017.08.009,3
10.1039/c5ta06813d,3
10.1021/acsenergylett.6b00116,3
10.1038/srep13211,3
10.1063/1.4998630,3
10.1039/c4ta05196c,3
10.1002/cssc.201701262,3
10.1021/acsaem.8b00350,3
10.1039/c6ta01800a,3
10.1039/c5ta08098c,3
10.1002/cssc.201702379,3
10.1117/1.JPE.7.022002,3
10.1016/j.orgel.2017.05.006,3
10.1021/acsenergylett.7b00202,3
10.1016/j.nanoen.2017.12.040,3
10.1039/c7cc05590k,3
10.1002/cssc.201600999,3
10.1021/acs.chemmater.5b00041,3
10.1002/asia.201501178,3
10.1016/j.tsf.2019.137495,3
10.1039/C9RA05371A,3
10.3390/nano9091311,3
10.1021/acs.jpclett.5b02810,3
10.1038/s41598-019-51273-y,3
10.3390/ma12152494,3
10.1002/solr.201700117,3
10.1002/solr.201900302,3
10.1021/acs.jpcc.6b01980,3
10.1039/c4ta04988h,3
10.1039/c5ta01898f,3
10.1016/j.synthmet.2018.07.017,3
10.1002/aenm.201501606,3
10.1002/aenm.201601575,3
10.1039/c5nr05271h,3
10.1016/j.jpowsour.2018.09.038,3
10.1021/acsami.7b08582,3
10.1016/j.nanoen.2014.12.004,3
10.3390/cryst9030151,3
10.1039/c6cc02589g,3
10.1039/c9tc00331b,3
10.1002/adma.201606398,3
10.1039/c8se00332g,3
10.1039/c8ra00248g,3
10.1016/j.orgel.2016.10.015,3
10.1039/c8cc05444d,3
10.1021/jacs.9b06398,3
10.1002/pip.3059,3
10.1021/acs.chemmater.7b03243,3
10.1002/solr.201800296,3
10.1002/advs.201500353,3
10.1007/s10854-019-01292-2,3
10.1016/j.solmat.2017.02.008,3
10.1021/acsami.8b04003,3
10.1364/OME.7.002150,3
10.1063/1.5021920,3
10.1016/j.nanoen.2019.02.005,3
10.1016/j.orgel.2016.11.014,3
10.1039/c8tc06218h,3
10.1039/c5ta07369c,3
10.1021/acsami.6b10898,3
10.1039/c9tc00902g,3
10.1039/c8ta09026b,3
10.1039/c6ta09689a,3
10.1016/j.ceramint.2017.06.126,3
10.1007/s10854-016-6228-0,3
10.1016/j.electacta.2016.12.193,3
10.1016/j.orgel.2018.03.042,3
10.1039/c6qm00210b,3
10.1002/adma.201804454,3
10.1016/j.mtener.2018.05.017,3
10.1039/c6ta06115j,3
10.1021/acsaem.8b01405,3
10.1039/c8ta00769a,3
10.1021/acsenergylett.6b00457,3
10.1021/acsami.8b15870,3
10.1117/12.2251885,3
10.1021/acsami.6b00084,3
10.1109/JPHOTOV.2019.2910192,3
10.1039/c6ta09582h,3
10.1002/celc.201500031,3
10.1016/j.cej.2018.12.056,3
10.1063/1.4963841,3
10.1039/c7cc00921f,3
10.17586/2220-8054-2019-10-1-70-75,3
10.1039/c8ta10901j,3
10.1039/c5ta00190k,3
10.1088/1361-6463/aafea9,3
10.1002/smll.201403719,3
10.1002/anie.201905624,3
10.1016/j.solener.2016.07.033,3
10.1002/adfm.201900885,3
10.1007/s12274-018-2151-4,3
10.1016/j.solmat.2017.05.072,3
10.1039/c4ta05149a,3
10.1016/j.synthmet.2018.07.008,3
10.1039/c6ra15512j,3
10.1063/1.5087098,3
10.1039/c5cc09859a,3
10.1016/j.electacta.2016.07.095,3
10.1002/hlca.201900056,3
10.1021/jacs.8b09809,3
10.1039/c4cc02211d,3
10.1021/acs.jpclett.8b03742,3
10.1002/ente.201700002,3
10.1021/acs.jpcc.7b06278,3
10.1038/lsa.2016.243,3
10.1002/solr.201700105,3
10.1021/nn506651m,3
10.1002/aenm.201901642,3
10.1021/acsami.5b01049,3
10.1039/c5ta09520d,3
10.1039/c6ta06152d,3
10.1039/c7cp02523h,3
10.1016/j.jpowsour.2018.04.008,3
10.1021/acsami.5b06819,3
10.1016/j.solmat.2018.10.009,3
10.1016/j.solmat.2018.04.021,3
10.1021/acs.nanolett.7b05469,3
10.1039/c8ta09382b,3
10.1002/admi.201500762,3
10.1039/c4ta00011d,3
10.1039/c9tc03881g,3
10.1016/j.orgel.2017.04.024,3
10.1016/j.mattod.2019.04.023,3
10.1134/S0012501619020040,3
10.1039/c9ta07827d,3
10.1021/acs.chemmater.8b04003,3
10.1021/acsanm.8b01371,3
10.1021/acsami.6b07658,3
10.1364/OE.23.000A83,3
10.1002/aelm.201700655,3
10.1039/c9ta01681c,3
10.1039/c5ta08656f,3
10.1002/advs.201701029,3
10.1016/j.orgel.2018.11.046,3
10.1002/aenm.201700492,3
10.1039/c8cc04026e,3
10.1039/c8ta11835c,3
10.1038/srep43979,3
10.1016/j.tsf.2019.137418,3
10.1016/j.jpowsour.2015.02.084,3
10.1002/aenm.201701209,3
10.1002/aenm.201703007,3
10.1002/cssc.201700973,3
10.1002/ente.201900446,3
10.1002/smll.201701225,3
10.1016/j.dyepig.2017.04.059,3
10.1016/j.mtener.2018.04.005,3
10.1016/j.spmi.2016.09.020,3
10.1039/C4DT03920C,3
10.1039/C8TA07332E,3
10.1039/C8TC01033A,3
10.7567/JJAP.55.02BF05,3
10.1021/acsnano.9b05848,3
10.1016/j.synthmet.2019.116232,3
10.1002/aenm.201903347,3
10.1007/s12274-016-1181-z,3
10.1039/c5ta06177f,3
10.1039/c6nr08347a,3
10.1002/aenm.201801668,3
10.1002/pssa.201700281,3
10.1002/aenm.201500471,3
10.1002/adfm.201807420,3
10.1039/c9ta00272c,3
10.1039/c7cp03760k,3
10.1016/j.nanoen.2016.08.015,3
10.1002/adma.201704418,3
10.1039/C8TA03054E,3
10.1039/C8SE00314A,3
10.1016/j.solmat.2016.09.013,3
10.1088/1674-4926/38/1/014006,3
10.1039/C8SE00368H,3
10.1038/nenergy.2017.38,3
10.1021/jz500645n,3
10.1039/C5TA03593G,3
10.1021/acsenergylett.7b01217,3
10.1021/acs.jpclett.7b03361,3
10.1016/j.solmat.2018.07.009,3
10.1088/0957-4484/26/49/494002,3
10.1039/C4TA04385E,3
10.7567/JJAP.57.052301,3
10.1021/jz400638x,3
10.1021/nl400286w,3
10.1038/ncomms3242,3
10.1021/cm402919x,3
10.1039/c5ta08250a,3
10.1109/TNANO.2016.2524689,3
10.1039/c6ta08117g,3
10.1039/c5ta05286f,3
10.3390/cryst7090272,3
10.1039/c8ta10585e,3
10.1002/solr.201900083,3
10.1002/aenm.201702915,3
10.1021/acsomega.8b00741,3
10.1016/j.orgel.2015.12.010,3
10.1021/acsenergylett.7b00522,3
10.1002/cssc.201601069,3
10.1039/c9tc02526j,3
10.1039/c7ta00183e,3
10.1021/acsenergylett.8b01588,3
10.1016/j.electacta.2014.11.003,3
10.1063/1.4890545,3
10.1021/acsami.7b00726,3
10.1039/c7ta09657g,3
10.1016/j.dyepig.2017.07.037,3
10.1039/c8sc00731d,3
10.20964/2017.12.71,3
10.1016/j.solmat.2017.01.037,3
10.1002/adfm.201504451,3
10.1021/am506869k,3
10.1142/S1793604717500497,3
10.1016/j.nanoen.2019.06.021,3
10.1016/j.solener.2017.01.019,3
10.1039/c6nr01275b,3
10.1002/anie.201801837,3
10.1039/c6ta07586j,3
10.1039/c6cp08392g,3
10.1002/adfm.201604944,3
10.1038/ncomms10379,3
10.1016/j.matlet.2019.03.021,3
10.1557/mrc.2018.231,3
10.1021/jp412655p,3
10.1039/c8nr01717d,3
10.1080/10667857.2019.1651504,3
10.1016/j.nanoen.2018.04.068,3
10.1039/c7sc03543h,3
10.1016/j.electacta.2018.06.078,3
10.1021/jp5069076,3
10.1039/c7ta07730k,3
10.1007/s12274-017-1618-z,3
10.1149/2.0161706jss,3
10.1021/acsnano.5b07043,3
10.1016/j.jpowsour.2017.11.070,3
10.1002/adma.201903239,3
10.3390/coatings8090314,3
10.1016/j.spmi.2017.07.009,3
10.1002/adma.201502537,3
10.1002/adfm.201705409,3
10.1039/c3ee44174a,3
10.1016/j.solmat.2017.06.025,3
10.1039/c5nr04250j,3
10.1039/c9ta00118b,3
10.1021/acs.jpcc.7b06268,3
10.1002/ajoc.201800490,3
10.1016/j.dyepig.2019.01.002,3
10.1021/acsami.6b03276,3
10.1039/c5nr09045h,3
10.1007/s12274-017-1603-6,3
10.1039/c9ta04658e,3
10.1021/acsenergylett.8b00871,3
10.1021/acsaem.7b00018,3
10.1088/1755-1315/108/5/052005,3
10.1039/c7ta00997f,3
10.1016/j.nanoen.2017.11.003,3
10.1002/aenm.201402321,3
10.1016/j.solener.2018.10.037,3
10.1038/ncomms8410,3
10.1021/acsenergylett.9b00135,3
10.1126/sciadv.aav2012,3
10.1038/s41467-018-07485-3,3
10.1021/acsami.8b17338,3
10.1002/adma.201604695,3
10.1039/c9ta03896e,3
10.1039/c7ta03315j,3
10.1039/c5ra06133d,3
10.1002/anie.201706895,3
10.1016/j.cej.2018.03.009,3
10.1039/c6cc00522e,3
10.1039/c5ee03255e,3
10.1039/c6ee01555g,3
10.1038/srep39333,3
10.1002/adfm.201404007,3
10.1063/1.4918751,3
10.1039/c9tc00816k,3
10.1021/acsnano.5b03189,3
10.1016/j.dyepig.2016.08.002,3
10.1016/j.solener.2019.02.034,3
10.1039/c8qm00620b,3
10.1039/c7ra08052b,3
10.1016/j.nanoen.2016.07.033,3
10.1016/j.apsusc.2017.02.135,3
10.1088/1361-6463/ab28d0,3
10.1002/cssc.201700678,3
10.1016/j.electacta.2015.09.165,3
10.1039/c6cc09876b,3
10.1039/c8se00368h,3
10.1039/c4cc04550e,3
10.1021/nn5036476,3
10.1051/e3sconf/20186701021,3
10.1039/c6ra17197d,3
10.1039/c9ta00654k,3
10.1016/j.solmat.2017.04.002,3
10.1021/acsaem.8b00610,3
10.1016/j.orgel.2018.11.021,3
10.1021/acsami.7b17798,3
10.1038/s41467-017-02039-5,3
10.1021/acs.jpclett.9b00276,3
10.1002/admi.201601143,3
10.1039/c9ta06084g,3
10.1021/acs.nanolett.5b02490,3
10.1021/acsaem.9b00164,3
10.1002/adma.201804028,3
10.1002/aenm.201900243,3
10.1021/cm5037919,3
10.1016/j.solmat.2018.01.017,3
10.1021/ja5071398,3
10.1038/s41598-019-42962-9,3
10.1021/acs.jpcc.9b01187,3
10.1049/mnl.2017.0477,3
10.1039/c5nr05697g,3
10.1016/j.synthmet.2017.01.004,3
10.1039/c8ta04131h,3
10.1021/acssuschemeng.9b00991,3
10.1002/admi.201500768,3
10.1021/jacs.6b09656,3
10.1021/acsnano.5b08135,3
10.1109/JPHOTOV.2017.2762585,3
10.1016/j.orgel.2018.03.016,3
10.1016/j.electacta.2018.10.181,3
10.1149/06104.0361ecst,3
10.1016/j.jpowsour.2019.03.050,3
10.1016/j.jpowsour.2014.05.053,3
10.1016/j.solmat.2014.10.017,3
10.1039/c5ta08743k,3
10.1039/c6ra20614j,3
10.1166/jnn.2016.12323,3
10.1016/j.solmat.2015.11.026,3
10.1039/c6ta05350e,3
10.1166/jnn.2016.11638,3
10.1002/adfm.201302090,3
10.1021/acs.nanolett.5b00046,3
10.1021/jp509896u,3
10.1039/c6se00029k,3
10.1002/advs.201700811,3
10.1002/admi.201800090,3
10.1063/1.5006513,3
10.1039/c8ta10857a,3
10.1039/c8cp07461e,3
10.1021/acsami.7b01904,3
10.3390/nano9010121,3
10.1016/j.carbon.2018.07.010,3
10.1016/j.mssp.2019.03.021,3
10.1007/s10854-019-01444-4,3
10.1038/s41598-017-04690-w,3
10.1039/c7ta01768e,3
10.1016/j.tsf.2015.12.001,3
10.1016/j.solmat.2015.01.023,3
10.1039/c4nr06033d,3
10.1021/acsami.5b10987,3
10.1021/jp509753p,3
10.1002/cssc.201700584,3
10.1021/jacs.5b11824,3
10.1016/j.nanoen.2017.04.034,3
10.1016/j.jechem.2015.10.005,3
10.1002/adem.201901217,3
10.1126/sciadv.aax7537,3
10.1021/acsami.9b17464,3
10.1016/j.isci.2019.10.021,3
10.1002/solr.201900457,3
10.1016/j.solener.2019.09.100,3
10.1002/aenm.201903299,3
10.3390/nano9111616,3
10.1016/j.scib.2018.11.004,3
10.1016/j.materresbull.2018.07.015,3
10.1039/c6ra28669k,3
10.1021/acs.nanolett.7b00050,3
10.1038/NENERGY.2016.148,3
10.1016/j.apsusc.2018.08.088,3
10.3390/mi10040266,3
10.1039/c5ra12348h,3
10.1039/C4TA03384A,3
10.1098/rsos.180617,3
10.1063/1.5079954,3
10.1039/c6ta04840d,3
10.1016/j.electacta.2017.12.182,3
10.1021/acsami.8b10170,3
10.1016/j.jcis.2018.08.009,3
10.1002/aenm.201900990,3
10.1038/NMAT4014,3
10.1002/pssr.201600395,3
10.1039/c5cc09873d,3
10.1016/j.scib.2018.05.003,3
10.1002/smll.201704443,3
10.1002/adma.201800973,3
10.1039/c7ta06338e,3
10.1063/1.5093873,3
10.1246/cl.150068,3
10.1007/s12274-018-2263-x,3
10.1016/j.jcis.2018.12.100,3
10.1007/s11426-016-0393-5,3
10.1039/c4cc04685d,3
10.1007/s12274-017-1880-0,3
10.1186/s11671-017-2117-6,3
10.1039/c5ta05693d,3
10.1021/jacs.5b02651,3
10.1039/c5ta00358j,3
10.1002/aenm.201601433,3
10.1002/anie.201602545,3
10.1039/c8tc05372c,3
10.1039/c9ta05048e,3
10.1002/solr.201800052,3
10.1039/c7ta09604f,3
10.1002/cssc.201400081,3
10.1021/acs.jpcc.7b10018,3
10.1063/1.5010951,3
10.1002/slct.201601378,3
10.1002/cssc.201600921,3
10.1002/smll.201700484,3
10.1021/acs.jpclett.6b02375,3
10.1016/j.electacta.2019.02.071,3
10.1016/j.electacta.2018.07.157,3
10.1016/j.solener.2018.01.084,3
10.1002/pi.5545,3
10.1021/acsami.9b01332,3
10.1002/anie.201612021,3
10.1109/JPHOTOV.2015.2416913,3
10.1021/acsenergylett.7b00028,3
10.1016/j.solmat.2018.11.041,3
10.1002/aenm.201800275,3
10.1007/s11426-018-9331-y,3
10.1021/acsenergylett.7b00187,3
10.1002/adma.201503729,3
10.1063/1.4929435,3
10.1002/aenm.201602017,3
10.1038/srep35994,3
10.1021/acs.chemmater.7b00523,3
10.1039/c5ta01198a,3
10.1039/c6ta08812k,3
10.1021/acsami.8b18200,3
10.1021/acsami.6b11757,3
10.1021/acs.jpclett.6b01452,3
10.1016/j.dyepig.2018.07.025,3
10.1007/s10854-019-00842-y,3
10.1021/acs.jpcc.8b05008,3
10.1002/aenm.201701683,3
10.1016/j.nanoen.2017.03.034,3
10.1039/c9ta04367e,3
10.1016/j.dyepig.2016.12.022,3
10.1557/adv.2016.285,3
10.1039/c8tc02766h,3
10.1039/c5ta02502h,3
10.1039/c5ee00599j,3
10.1039/c5cc02534f,3
10.1039/c8ta01773e,3
10.1021/acsami.8b08958,3
10.1021/acsami.6b02843,3
10.1021/acs.jpcc.9b10022,3
10.1016/j.cej.2019.123976,3
10.1016/j.solmat.2016.08.024,3
10.1016/j.jpowsour.2018.05.091,3
10.1002/admi.201600948,3
10.1016/j.solmat.2018.11.006,3
10.1039/c8nr08344d,3
10.1016/j.mssp.2016.08.013,3
10.1063/1.4913549,3
10.1016/j.jrras.2017.11.002,3
10.1039/c3cc49458f,3
10.1007/s40843-017-9028-y,3
10.1021/acs.jpcc.5b00933,3
10.1016/j.orgel.2019.01.027,3
10.1039/c5nr03511b,3
10.1039/c6nr03359h,3
10.1039/c6cp03388a,3
10.1016/j.jpowsour.2018.07.097,3
10.1039/c8se00095f,3
10.1117/12.2286301,3
10.1039/c8ta02960a,3
10.1021/acsenergylett.7b00644,3
10.1016/j.jphotochem.2019.112228,3
10.1002/solr.201900558,3
10.1021/acsami.9b17047,3
10.1002/aenm.201903221,3
10.1016/j.synthmet.2019.116248,3
10.1016/j.joule.2018.02.013,3
10.1021/acsami.7b01348,3
10.1002/ente.201700437,3
10.1021/acsami.9b00923,3
10.1016/j.solener.2015.08.028,3
10.1039/c6sc00876c,3
10.1021/acs.jpcc.7b00861,3
10.7567/JJAP.56.08MC17,3
10.1021/acsenergylett.8b02179,3
10.1021/acs.jpclett.8b02555,3
10.3762/bjoc.12.134,3
10.1016/j.orgel.2018.04.052,3
10.1039/d2cp02358j,3
10.1002/solr.202100454,3
10.1016/j.jallcom.2022.164722,3
10.1002/anie.202202346,3
10.1021/acsaem.9b01162,3
10.1016/j.mssp.2019.104813,3
10.1002/solr.201900362,3
10.1063/1.5120307,3
10.1002/solr.202000344,3
10.1016/j.scib.2019.09.022,3
10.1016/j.sse.2019.107714,3
10.1038/s41586-022-05541-z,3
10.1039/c9tc05227e,3
10.1021/acsami.9b16632,3
10.1002/ente.201600320,3
10.1039/c6cp03396b,3
10.1002/pip.3153,3
10.1039/c5cp04360c,3
10.1016/j.solmat.2017.03.028,3
10.1039/c7cp01140g,3
10.1039/c4ra14321c,3
10.1021/acsami.8b13740,3
10.1039/c7ta01651d,3
10.1039/c4cc01864h,3
10.1002/adfm.201903621,3
10.1039/c5ta05026j,3
10.1016/j.nanoen.2018.05.036,3
10.1021/acsaem.9b01598,3
10.1021/acsenergylett.9b01821,3
10.1002/adma.201905661,3
10.1016/j.solener.2019.09.055,3
10.1039/c9ta10712f,3
10.1016/j.mtener.2019.03.005,3
10.1021/acsenergylett.9b02604,3
10.1016/j.solener.2019.09.070,3
10.1021/acsami.9b15320,3
10.1021/acsaem.9b01223,3
10.1021/acsaem.9b00757,3
10.1021/acsaem.9b00169,3
10.1002/solr.201900482,3
10.1021/acssuschemeng.8b06606,3
10.1002/smll.201804465,3
10.1021/cm502864s,3
10.1021/acsaem.9b00060,3
10.1246/cl.180211,3
10.1002/adfm.201803801,3
10.1016/j.jphotochem.2017.08.051,3
10.1002/adfm.201900221,3
10.1021/acs.macromol.8b00919,3
10.1016/j.nanoen.2014.12.022,3
10.1016/j.synthmet.2019.02.011,3
10.1039/c6cc00268d,3
10.1002/adfm.201803200,3
10.1016/j.solmat.2015.04.015,3
10.1080/14686996.2016.1176512,3
10.1088/1361-6463/aad71c,3
10.1002/ppsc.201600298,3
10.1039/c7se00125h,3
10.1088/1742-6596/864/1/012008,3
10.1039/c6ra01894g,3
10.1039/c8se00127h,3
10.1039/c5ee00120j,3
10.1002/aenm.201800809,3
10.1021/ja511132a,3
10.1039/c7nr06812c,3
10.1016/j.jallcom.2019.02.018,3
10.1016/j.jechem.2017.11.018,3
10.1021/acsphotonics.8b01336,3
10.1016/j.orgel.2017.12.031,3
10.1016/j.jpowsour.2019.01.041,3
10.1039/c7nj02847d,3
10.1016/j.nanoen.2018.08.062,3
10.1186/1556-276X-9-457,3
10.1039/c6tc04830g,3
10.1021/acs.jpclett.7b01663,3
10.1007/s10854-018-8901-y,3
10.1007/s13391-018-0042-1,3
10.7567/APEX.10.075502,3
10.1039/c5cp00416k,3
10.1002/ente.201700361,3
10.1016/j.apsusc.2018.09.146,3
10.1039/c8nr04441d,3
10.1007/s00339-019-2769-4,3
10.1039/c9se00003h,3
10.1016/j.solener.2016.02.016,3
10.1021/acsami.5b05672,3
10.1016/j.saa.2018.09.005,3
10.1186/s11671-017-1933-z,3
10.1016/j.orgel.2016.12.047,3
10.1515/zna-2019-0141,3
10.1088/1361-6463/ab070d,3
10.1039/c5cp00073d,3
10.1002/aenm.201801254,3
10.15541/jim20160218,3
10.1039/c5ra23845e,3
10.1021/acsami.0c05714,3
10.1021/acsenergylett.0c00286,3
10.1002/admi.202001121,3
10.1021/acsami.9b21290,3
10.1016/j.solener.2020.05.041,3
10.1002/cssc.202000223,3
10.1016/j.jechem.2019.09.020,3
10.1039/d0nj01559h,3
10.1021/acsaem.0c00175,3
10.1039/d0ta02956d,3
10.1039/c9ra10009a,3
10.1039/c7tc00858a,3
10.1039/c4ta03741c,3
10.1039/c7nr06424a,3
10.3389/fchem.2019.00050,3
10.1038/s41598-017-11193-1,3
10.1039/c5tc00622h,3
10.1007/s10854-016-4981-8,3
10.1039/c9ee00453j,3
10.1016/j.orgel.2019.07.018,3
10.1039/c9ta08084h,3
10.1021/acs.jpclett.9b02644,3
10.1039/c8ta12217b,3
10.1039/c9tc03684a,3
10.1021/acs.chemmater.0c00427,3
10.3390/ma13102272,3
10.1016/j.jechem.2018.07.013,3
10.1016/j.orgel.2019.04.035,3
10.1002/admi.201801076,3
10.1002/cssc.201700634,3
10.1039/c7ta08053k,3
10.1039/c6ra03466g,3
10.1016/j.solmat.2017.04.039,3
10.1063/1.4991030,3
10.1016/j.jallcom.2018.09.210,3
10.1021/acs.jpcc.6b06914,3
10.1039/c5ta06398a,3
10.1007/s12274-016-1051-8,3
10.1039/c6cp07592d,3
10.1039/C7EE02288C,3
10.1016/j.solmat.2016.11.031,3
10.1021/acsaem.8b01606,3
10.1007/s12274-020-2675-2,3
10.1021/acs.jpclett.9b03774,3
10.1021/jacs.9b09182,3
10.1002/adfm.201909644,3
10.1038/s41566-019-0572-6,3
10.1021/acsaem.9b01652,3
10.1016/j.orgel.2019.07.029,3
10.1016/j.orgel.2019.105384,3
10.1021/acsami.6b12683,3
10.1021/acs.chemmater.9b00702,3
10.1002/aenm.201802060,3
10.1021/jacs.6b08790,3
10.1039/c5ta01479d,3
10.1021/acs.chemmater.5b00001,3
10.1002/advs.201801169,3
10.1002/aenm.201601156,3
10.1021/acsami.8b06020,3
10.1039/c5nr05308k,3
10.1002/adma.201501978,3
10.1039/c6ra24205g,3
10.1021/nl5006838,3
10.1016/j.mssp.2018.07.014,3
10.1039/c7se00462a,3
10.1021/acsenergylett.7b00490,3
10.1016/j.synthmet.2016.04.025,3
10.1088/1674-1056/27/1/018807,3
10.1039/c7cp04053a,3
10.1039/c8nj02238k,3
10.1039/c5nr07347b,3
10.1021/acsnano.7b08561,3
10.1002/slct.201700776,3
10.1021/acsaem.7b00147,3
10.1002/aenm.201701038,3
10.1039/c7ta06088b,3
10.1039/c6ra19265c,3
10.1016/j.jechem.2016.12.011,3
10.1021/acsami.8b02624,3
10.1039/c9na00192a,3
10.1021/acsami.9b06315,3
10.1002/ajoc.201800385,3
10.1021/nn505978r,3
10.1039/c4mh00237g,3
10.1021/acs.nanolett.5b02126,3
10.1007/s11426-016-0147-0,3
10.1021/acsami.7b08429,3
10.1021/acsnano.8b07295,3
10.1039/C7EE03113K,3
10.1021/acs.jpcc.8b01949,3
10.1016/j.orgel.2018.06.049,3
10.3390/ma13010243,3
10.1016/j.orgel.2019.105552,3
10.1039/d0ta01668c,3
10.1039/d0se00549e,3
10.1016/j.electacta.2020.135697,3
10.1021/acsami.9b19030,3
10.1016/j.solmat.2019.110379,3
10.1016/j.spmi.2020.106463,3
10.1002/admi.202000197,3
10.1002/adfm.202001788,3
10.1016/j.orgel.2019.105524,3
10.1021/acsami.5b03324,3
10.1002/aenm.202003460,3
10.1002/adma.202004979,3
10.1038/s41560-021-00831-8,3
10.1002/admi.202100743,3
10.1002/solr.202100077,3
10.1002/aenm.202103215,3
10.1002/cnma.202200061,3
10.1039/d1ee02650j,3
10.1063/1.4896779,2
10.1021/acs.jpcc.8b01026,2
10.1149/08701.0199ecst,2
10.1016/j.mtener.2017.07.010,2
10.1039/c5ee01179e,2
10.1016/j.solener.2018.05.050,2
10.1002/solr.201700141,2
10.1016/j.electacta.2019.06.168,2
10.1039/c7ta05012g,2
10.1039/c5ta01526j,2
10.1021/acsenergylett.8b00548,2
10.1186/s11671-016-1467-9,2
10.1002/advs.201500301,2
10.1021/jacs.7b13229,2
10.1021/acsenergylett.8b02216,2
10.1016/j.jpowsour.2018.02.030,2
10.1039/c8ta00161h,2
10.1016/j.carbon.2017.09.008,2
10.1021/acsomega.9b00350,2
10.1002/aenm.201700265,2
10.1021/jacs.9b06796,2
10.1016/j.electacta.2019.135173,2
10.1021/acsenergylett.9b01949,2
10.1002/ente.201900972,2
10.1021/acs.jpcc.9b09617,2
10.1002/anie.201910471,2
10.1002/solr.201900363,2
10.1002/solr.201900199,2
10.1039/c9qm00377k,2
10.1039/c9ra06091j,2
10.1063/1.5126647,2
10.1016/j.cej.2019.122436,2
10.1016/j.synthmet.2019.116179,2
10.1007/s40820-019-0325-6,2
10.1002/pip.3208,2
10.1021/jacs.9b07182,2
10.1016/j.solmat.2017.12.015,2
10.1016/j.apsusc.2018.09.176,2
10.1038/srep16098,2
10.1016/j.matlet.2018.08.024,2
10.1021/acsaem.8b00972,2
10.1039/c8ta09362h,2
10.1039/c6ra27704g,2
10.1088/1361-6528/aa6956,2
10.1016/j.orgel.2019.05.024,2
10.1039/c5ra08102e,2
10.1039/c5cc05236j,2
10.1039/c6ra01149g,2
10.1002/smll.201600428,2
10.1039/c5ra17129f,2
10.1016/j.jpowsour.2019.03.092,2
10.1039/c6ta08992e,2
10.1021/acsami.6b10342,2
10.1016/j.orgel.2016.10.035,2
10.1155/2018/4012850,2
10.1039/c6cc09492a,2
10.1021/acsaem.8b01119,2
10.1088/0957-4484/28/1/01LT02,2
10.1016/j.nanoen.2018.04.010,2
10.7567/JJAP.55.04ES07,2
10.1063/1.5032764,2
10.1021/jacs.8b09300,2
10.1002/cssc.201700880,2
10.1021/acsenergylett.7b01287,2
10.1002/cphc.201800002,2
10.1016/j.ijleo.2018.12.157,2
10.1016/j.nanoen.2019.04.069,2
10.1038/s41467-018-07951-y,2
10.1039/c5cc05298j,2
10.1364/OL.42.001958,2
10.1016/j.chemphys.2018.09.032,2
10.1016/j.solmat.2017.10.024,2
10.1007/s11664-017-5893-y,2
10.1002/adfm.201705363,2
10.1039/c5ta08417b,2
10.1016/j.chempr.2017.03.011,2
10.1126/science.aah5065,2
10.1039/c7ta04225f,2
10.1016/j.matlet.2015.05.106,2
10.1063/1.4928535,2
10.1002/cssc.201900611,2
10.1021/acsami.8b07422,2
10.1002/cplu.201600415,2
10.1021/acsami.7b05892,2
10.1021/acsaem.8b01140,2
10.1002/aenm.201702019,2
10.1002/smll.201702260,2
10.1007/s10853-019-03582-w,2
10.1039/c7nr01186e,2
10.1088/2053-1591/ab1f4f,2
10.1002/cssc.201402678,2
10.1016/j.electacta.2016.01.133,2
10.1016/j.orgel.2019.02.029,2
10.1016/j.jallcom.2017.06.185,2
10.1016/j.apsusc.2018.09.080,2
10.1166/jnn.2016.13661,2
10.1016/j.tsf.2017.07.013,2
10.1039/c5ta03765d,2
10.1039/c7ta04995a,2
10.1021/acsnano.7b04070,2
10.1021/acsami.8b15423,2
10.1039/c6cp03600g,2
10.1038/s41467-018-03169-0,2
10.1016/j.orgel.2018.11.015,2
10.1021/acsnano.8b07627,2
10.1016/j.jallcom.2019.06.089,2
10.1016/j.nanoen.2018.08.050,2
10.1016/j.electacta.2016.08.130,2
10.1016/j.solmat.2017.04.038,2
10.1021/acsami.9b03873,2
10.1039/C9TA08177A,2
10.3390/nano9091263,2
10.15541/jim20170380,2
10.1021/acsami.8b10616,2
10.1016/j.jssc.2018.10.045,2
10.1016/j.jcis.2019.04.052,2
10.1016/j.matlet.2019.07.092,2
10.1039/c9qm00309f,2
10.1021/jz501869F,2
10.1039/c9ta08465g,2
10.1002/adfm.201902600,2
10.1002/adfm.201905810,2
10.1021/acsami.9b08714,2
10.1016/j.solener.2019.06.040,2
10.1002/adfm.201705875,2
10.1002/anie.201909291,2
10.1016/j.joule.2019.05.005,2
10.1021/acsenergylett.6b00441,2
10.1021/acs.jpclett.7b02160,2
10.1016/j.jpowsour.2019.226987,2
10.1109/JPHOTOV.2019.2920727,2
10.1002/solr.201900164,2
10.1038/ncomms9103,2
10.1039/c9ta06016b,2
10.1016/j.joule.2019.07.015,2
10.1016/j.jpowsour.2019.226768,2
10.1063/1.5038917,2
10.1016/j.orgel.2019.07.006,2
10.1166/jnn.2020.17339,2
10.1016/j.electacta.2019.06.134,2
10.1063/1.5099280,2
10.3390/ma11091759,2
10.1021/acs.jpclett.9b02024,2
10.1002/aenm.201902470,2
10.1016/j.orgel.2017.12.002,2
10.1039/c6ta06143e,2
10.1063/1.5054347,2
10.1039/c6ta09565h,2
10.1039/c4nr00621f,2
10.1002/adfm.201505215,2
10.1039/c9ta03022k,2
10.1063/1.4965838,2
10.1016/j.nanoen.2018.05.031,2
10.1016/j.nanoen.2016.03.007,2
10.1016/j.carbon.2017.05.027,2
10.1039/c5cc07673k,2
10.1016/j.dyepig.2018.09.021,2
10.1038/srep06953,2
10.1007/s11696-018-0484-9,2
10.1016/j.apsusc.2018.08.128,2
10.1021/acsaem.9b00496,2
10.1039/c7tc02822a,2
10.1021/acs.jpcc.7b11245,2
10.1038/s41467-018-04029-7,2
10.1002/adfm.201910530,2
10.1016/j.jcis.2019.12.004,2
10.1021/acsami.9b19908,2
10.1007/s10971-020-05221-2,2
10.1002/anie.201912051,2
10.1021/acsami.9b20376,2
10.1021/jacs.9b13701,2
10.1016/j.electacta.2018.10.130,2
10.1016/j.apsusc.2019.05.067,2
10.1039/c4ee00965g,2
10.1039/c7ta09304g,2
10.1016/j.solener.2018.05.090,2
10.1039/c8ta08565j,2
10.1039/c8ta12100a,2
10.1021/acsami.7b17824,2
10.1246/cl.150049,2
10.1021/acs.jpcc.7b00571,2
10.1021/acsami.7b17938,2
10.1039/c7qm00319f,2
10.1063/1.4932129,2
10.1063/1.4905177,2
10.1021/acs.chemmater.9b03089,2
10.1016/j.solmat.2019.110135,2
10.1021/acsami.9b12799,2
10.1038/s41598-019-53609-0,2
10.1142/S1793292019501273,2
10.1007/s10971-019-05120-1,2
10.1002/adfm.201908298,2
10.1002/chem.201903599,2
10.1039/c7ta06752f,2
10.1063/1.5118679,2
10.1002/solr.201900172,2
10.1007/s10853-018-2190-y,2
10.1039/c9tc04282b,2
10.1007/s40843-019-1174-3,2
10.1002/celc.201801322,2
10.1002/cssc.201900509,2
10.1007/s12274-017-1816-8,2
10.1016/j.cplett.2015.09.044,2
10.1016/j.cplett.2017.12.012,2
10.1016/j.solener.2017.01.018,2
10.1021/acs.jpclett.5b01108,2
10.1039/c5cc04607f,2
10.1039/c7ta03802j,2
10.1002/cssc.201701027,2
10.1039/c3ra47870j,2
10.17222/mit.2017.178,2
10.1002/solr.201700180,2
10.1039/c8nj06146g,2
10.1088/1361-6528/aa5172,2
10.1002/smll.201804692,2
10.1063/1.5025077,2
10.1039/c6ta00614k,2
10.1021/acs.nanolett.8b03685,2
10.1021/acsami.5b00375,2
10.1039/c5ee00896d,2
10.1016/j.jpowsour.2013.11.053,2
10.1021/acsami.9b07859,2
10.1021/acsami.8b16124,2
10.1002/pssa.201700959,2
10.1063/1.5109699,2
10.1002/cssc.201600674,2
10.1246/cl.140919,2
10.1002/aenm.201702052,2
10.1021/acsami.7b18667,2
10.1002/cssc.201701779,2
10.1002/pssa.201900436,2
10.1016/j.elecom.2016.04.013,2
10.1016/j.electacta.2017.11.182,2
10.1039/c7tc03984k,2
10.1002/aenm.201702369,2
10.1002/aenm.201401692,2
10.1039/C7EE03654J,2
10.1016/j.nanoen.2017.08.028,2
10.1002/adfm.201602803,2
10.1021/jp500449z,2
10.1021/ja508758k,2
10.1186/s11671-018-2545-y,2
10.1021/acs.jpclett.7b01067,2
10.1039/c9cc00016j,2
10.1016/j.jpowsour.2019.03.035,2
10.1002/anie.201902235,2
10.1149/2.0201811jss,2
10.1016/j.matlet.2018.12.121,2
10.1039/c9ee02043h,2
10.1002/smll.201904422,2
10.1002/adma.201803095,2
10.1016/j.nanoen.2019.103932,2
10.1016/j.electacta.2016.11.052,2
10.1016/j.solener.2019.06.016,2
10.1039/c9ta02852h,2
10.1021/acsami.9b06372,2
10.1016/j.cap.2019.09.010,2
10.1002/aenm.201902600,2
10.3389/fmats.2019.00200,2
10.1002/aenm.201600132,2
10.1038/s41467-019-12513-x,2
10.1039/C9TC04067F,2
10.1016/j.solmat.2018.05.027,2
10.1039/c5ta00084j,2
10.1016/j.electacta.2018.02.103,2
10.1002/solr.201700038,2
10.1039/c8cp05148h,2
10.1039/c7ra13611k,2
10.1002/admi.201801788,2
10.1088/1674-1056/26/1/018401,2
10.1021/acs.jpcc.7b04766,2
10.1557/mrc.2018.142,2
10.1016/j.nanoen.2016.06.041,2
10.1002/solr.201700245,2
10.1016/j.materresbull.2017.03.069,2
10.1002/chem.201605668,2
10.1039/c8qo00788h,2
10.1021/acsenergylett.8b01501,2
10.1016/j.nanoen.2016.08.035,2
10.1039/c5tc00909j,2
10.1117/1.JPE.7.022003,2
10.1016/j.apsusc.2017.05.018,2
10.1021/nn406020d,2
10.1021/acs.nanolett.7b02532,2
10.1557/adv.2018.513,2
10.1088/1361-6641/aab455,2
10.1039/c5ta01343g,2
10.1149/2.0051808jes,2
10.1016/j.joule.2018.06.004,2
10.1016/j.solmat.2018.11.029,2
10.1016/j.jallcom.2018.10.254,2
10.1038/nenergy.2016.190,2
10.1021/acs.nanolett.9b00387,2
10.1007/s40820-017-0140-x,2
10.1016/j.solmat.2018.10.018,2
10.1246/cl.190163,2
10.1021/acsenergylett.8b00820,2
10.1088/1361-6528/ab10f3,2
10.1016/j.surfin.2017.12.006,2
10.1038/ncomms15688,2
10.1021/cm404006p,2
10.1016/j.joule.2017.08.006,2
10.1002/asia.201600474,2
10.1039/c9tc01076a,2
10.1016/j.electacta.2019.06.050,2
10.1016/j.cej.2019.03.257,2
10.1016/j.electacta.2016.03.091,2
10.1016/j.apsusc.2019.01.237,2
10.1002/cptc.201700037,2
10.1039/c7ta09946k,2
10.1007/s40843-018-9305-6,2
10.1021/acsami.6b13675,2
10.1021/acsami.7b14073,2
10.1039/c9tc00374f,2
10.1038/s41467-019-09093-1,2
10.1016/j.tsf.2018.07.039,2
10.1117/12.2257204,2
10.1002/adma.201704825,2
10.1063/1.4913551,2
10.1002/aenm.201901016,2
10.1117/12.2187973,2
10.1039/c8tc06043f,2
10.1088/1361-6463/aaebf1,2
10.1016/j.nanoen.2016.12.029,2
10.1016/j.jpowsour.2019.04.025,2
10.1021/acsaem.8b00060,2
10.1016/j.jpowsour.2019.04.088,2
10.1002/solr.201800174,2
10.1063/1.4973892,2
10.1016/j.nanoen.2019.04.040,2
10.1016/j.solener.2018.09.067,2
10.1039/c8nr06586a,2
10.1039/c4ta05373g,2
10.1016/j.nanoen.2017.09.029,2
10.1039/c7ta07732g,2
10.1246/cl.180919,2
10.3866/PKU.WHXB201803131,2
10.1021/acs.nanolett.6b03989,2
10.1021/acsami.7b11938,2
10.1016/j.orgel.2018.07.009,2
10.1039/c6ra25347d,2
10.1016/j.orgel.2017.12.017,2
10.1021/acsami.6b07368,2
10.1021/jz501237m,2
10.1021/acs.jpcc.9b04502,2
10.1021/acs.nanolett.9b02142,2
10.1098/rsos.170942,2
10.1016/j.tsf.2017.07.019,2
10.1021/acs.nanolett.7b01500,2
10.1016/j.solener.2015.07.036,2
10.1021/acsami.8b00358,2
10.1364/OE.23.0A1700,2
10.1016/j.orgel.2018.02.010,2
10.1002/aenm.201501056,2
10.1039/c4cc01962h,2
10.1021/acs.jpcc.8b01264,2
10.3389/fchem.2019.00209,2
10.1038/s41467-017-00588-3,2
10.1016/j.cej.2015.06.050,2
10.1021/acsami.8b15469,2
10.1021/acsomega.8b03629,2
10.1016/j.materresbull.2016.08.052,2
10.1016/j.matlet.2019.03.114,2
10.1021/acsenergylett.6b00254,2
10.1016/j.joule.2018.01.009,2
10.1039/c9nr01836k,2
10.1021/acs.jpclett.5b00981,2
10.1021/acsami.6b11011,2
10.1002/aenm.201501890,2
10.1002/adma.201603923,2
10.1088/1361-6528/aad2ec,2
10.1021/acsami.6b06633,2
10.1021/acsami.7b15195,2
10.3390/coatings8120461,2
10.1007/s10854-018-0319-z,2
10.1021/acsami.9b03323,2
10.1039/c8tc02242a,2
10.1039/c6sc02448c,2
10.1021/acsami.8b15503,2
10.1002/solr.201800268,2
10.1016/j.jpowsour.2016.12.026,2
10.1021/acsami.8b20264,2
10.1016/j.orgel.2015.08.023,2
10.1021/acsami.5b10166,2
10.1016/j.electacta.2019.01.102,2
10.1039/c4ta05675b,2
10.1186/s11671-018-2681-4,2
10.1002/smll.201601616,2
10.1002/solr.201800192,2
10.1002/aenm.201702719,2
10.1021/acsami.5b06171,2
10.1039/c5cc10608g,2
10.1039/c5nr01864a,2
10.1016/j.orgel.2018.08.003,2
10.1007/s10854-019-01515-6,2
10.1039/c6qm00309e,2
10.1016/j.orgel.2017.10.034,2
10.1002/aenm.201901620,2
10.1016/j.solmat.2019.109941,2
10.1002/ente.201900734,2
10.1016/j.synthmet.2018.10.004,2
10.1016/j.solener.2019.05.061,2
10.1002/cssc.201701911,2
10.1002/solr.201900241,2
10.1002/solr.201900212,2
10.1002/adma.201903721,2
10.1016/j.solener.2019.09.008,2
10.1002/adma.201807689,2
10.1007/s40843-019-1186-4,2
10.1016/j.isci.2019.06.004,2
10.1002/anie.201904945,2
10.1002/cssc.201902000,2
10.1039/c9ta08081c,2
10.1002/adfm.201704836,2
10.1016/j.jpowsour.2019.226894,2
10.1002/smtd.201900449,2
10.1038/ncomms12446,2
10.1016/j.solmat.2016.01.021,2
10.1016/j.carbon.2019.07.038,2
10.1021/acs.chemmater.9b01292,2
10.1002/solr.201800175,2
10.1016/j.materresbull.2017.01.031,2
10.1021/acs.jpclett.7b00086,2
10.1016/j.jpowsour.2016.11.046,2
10.1016/j.orgel.2018.04.010,2
10.1039/c6ta08526a,2
10.1002/adfm.201804419,2
10.1021/acs.jpclett.5b02597,2
10.1016/j.dyepig.2019.04.053,2
10.1021/acsami.6b15563,2
10.1016/j.solmat.2016.10.002,2
10.1016/j.cplett.2017.07.069,2
10.1039/c6ee00462h,2
10.1007/s10854-019-01294-0,2
10.1002/solr.201800050,2
10.1021/acsami.7b01282,2
10.1016/j.solener.2019.04.094,2
10.2494/photopolymer.29.581,2
10.1016/j.orgel.2018.04.008,2
10.1021/nl404252e,2
10.1039/c6ta05008e,2
10.1021/acsaem.8b02104,2
10.1039/c7ee00303j,2
10.1021/acs.jpcc.6b11880,2
10.1002/admi.201800645,2
10.1002/aenm.201701048,2
10.1002/cssc.201702265,2
10.1007/s40820-018-0203-7,2
10.1007/s00289-018-2275-4,2
10.1007/s13233-018-6086-0,2
10.1016/j.chempr.2018.08.004,2
10.1016/j.electacta.2016.11.132,2
10.1016/j.jallcom.2018.09.273,2
10.1016/j.joule.2018.10.025,2
10.1016/j.materresbull.2018.06.037,2
10.1016/j.nanoen.2015.05.014,2
10.1016/j.orgel.2018.02.027,2
10.1016/j.solmat.2015.10.008,2
10.1016/j.solmat.2017.01.034,2
10.1021/acs.jpcc.5b11465,2
10.1021/acsami.6b00544,2
10.1021/acsenergylett.6b00215,2
10.1021/acsphotonics.8b00099,2
10.1038/srep29567,2
10.1039/C6RA05893K,2
10.1039/C7SE00545H,2
10.1039/C8EE02404A,2
10.1039/C9RA01625B,2
10.1063/1.5021939,2
10.1088/0268-1242/31/2/025009,2
10.3390/ma12081237,2
10.1021/acsami.9b20857,2
10.1007/s40820-020-0379-5,2
10.1021/acsami.9b19121,2
10.1002/solr.202000008,2
10.1002/cssc.201903216,2
10.1021/acsami.9b17705,2
10.1021/acsami.9b17552,2
10.1016/j.solener.2019.11.098,2
10.1021/acsami.9b17580,2
10.1002/advs.201802046,2
10.1016/j.orgel.2015.05.043,2
10.1016/j.electacta.2016.11.060,2
10.1039/c9ta02772f,2
10.1039/c8ta05636f,2
10.1038/s41560-019-0538-4,2
10.1039/c9ta11462a,2
10.1039/c5ee02608c,2
10.1002/aenm.201602121,2
10.1016/j.nanoen.2017.02.040,2
10.1039/C8TA05444D,2
10.1038/s41560-018-0278-x,2
10.1002/adfm.201804603,2
10.1002/aenm.201801954,2
10.1002/solr.201800256,2
10.1016/j.solmat.2016.12.032,2
10.1021/acsami.5b04563,2
10.1016/j.nanoen.2016.07.026,2
10.1016/j.nanoen.2016.11.022,2
10.1039/C4EE03907F,2
10.1002/aenm.201600372,2
10.1039/C7TA09721B,2
10.1039/C4EE02539C,2
10.1002/adma.201605290,2
10.1021/jacs.6b02787,2
10.1039/C5CC09873D,2
10.1038/srep14083,2
10.1039/C5TA06813D,2
10.1021/ja809598r,2
10.1021/ja307789s,2
10.1039/c3ta12240a,2
10.1039/c3ra43228a,2
10.1088/0256-307X/30/12/128402,2
10.1039/c4ra11155a,2
10.1039/c5ra21250b,2
10.1002/cssc.201700290,2
10.1039/c4ta03087g,2
10.1016/j.synthmet.2017.02.022,2
10.1016/j.nanoen.2017.03.048,2
10.1021/acs.nanolett.6b02473,2
10.1002/cssc.201600957,2
10.1021/acs.nanolett.6b01046,2
10.1039/c5ta05989e,2
10.1016/j.materresbull.2017.10.035,2
10.1039/c4ta06128d,2
10.1002/cssc.201600288,2
10.1016/j.apsusc.2018.04.230,2
10.1039/c9cc00479c,2
10.1021/acs.jpclett.5b01177,2
10.1016/j.mtener.2017.09.007,2
10.1039/c6ra27146d,2
10.1016/j.nanoen.2017.04.033,2
10.1039/c7ta09646a,2
10.1021/acsami.6b07837,2
10.1002/adma.201706924,2
10.1039/c8ra08563c,2
10.1039/c5ra16669a,2
10.1021/acssuschemeng.8b00691,2
10.1021/acsami.6b02706,2
10.1039/c5ra21698b,2
10.1016/j.nanoen.2018.10.039,2
10.1039/c5nj02957k,2
10.1002/er.4695,2
10.1246/cl.150651,2
10.1016/j.orgel.2017.11.013,2
10.1021/acsenergylett.8b00193,2
10.1021/acs.jpclett.5b00889,2
10.1021/acs.jpcc.6b00364,2
10.1002/advs.201800130,2
10.1016/j.cej.2017.07.160,2
10.1021/acsaem.8b01221,2
10.1021/acs.jpcc.8b06459,2
10.1002/advs.201801170,2
10.1002/anie.201504379,2
10.1016/j.apsusc.2018.10.066,2
10.1021/jacs.7b01815,2
10.1021/acsami.8b17030,2
10.1002/adma.201504144,2
10.1021/acsami.6b12474,2
10.1016/j.jmst.2017.11.003,2
10.1038/ncomms13422,2
10.1021/acsami.6b00520,2
10.1039/c6cp06709c,2
10.1016/j.jpowsour.2014.10.145,2
10.1016/j.mssp.2019.02.018,2
10.1109/JPHOTOV.2018.2877022,2
10.1021/acsomega.7b01179,2
10.1039/c8ra04347g,2
10.1016/j.jpowsour.2017.01.108,2
10.1021/acsami.8b08888,2
10.1002/smll.201804858,2
10.1039/c6ta11139d,2
10.1038/ncomms13319,2
10.1002/admi.201700007,2
10.1038/s41598-018-25449-x,2
10.1002/ejic.201800680,2
10.1002/anie.201504666,2
10.1002/adfm.201804856,2
10.1021/cm502185s,2
10.1002/adma.201501489,2
10.1016/j.tsf.2018.05.002,2
10.1039/c6ta04973g,2
10.1002/aenm.201501773,2
10.1002/adfm.201502541,2
10.1002/aenm.201401775,2
10.1063/1.4953834,2
10.20964/2018.05.15,2
10.1021/acs.jpclett.7b01851,2
10.1016/j.nanoen.2018.12.033,2
10.1038/s41467-018-05583-w,2
10.1021/acsami.8b00990,2
10.1039/c6ta06657g,2
10.1002/adma.201800515,2
10.1021/acs.jpcc.8b08869,2
10.1109/JPHOTOV.2016.2600341,2
10.1021/acsami.8b09266,2
10.1002/cjoc.201800469,2
10.1021/acs.jpclett.8b03481,2
10.1002/aenm.201601499,2
10.1002/adma.201805153,2
10.1246/cl.150238,2
10.1002/adfm.201900092,2
10.1021/acssuschemeng.6b01183,2
10.1016/j.matlet.2017.06.079,2
10.1039/c8ee01065j,2
10.1021/acsami.6b08783,2
10.1088/0256-307X/32/7/078401,2
10.1039/c6ta06735b,2
10.1021/acsami.7b14850,2
10.1039/c7ta04132b,2
10.1039/c9ta01319a,2
10.1021/acsami.9b07097,2
10.1002/adfm.201706276,2
10.1016/j.electacta.2018.07.044,2
10.1002/adma.201604048,2
10.1039/c5ta03443d,2
10.1002/aenm.201800538,2
10.1039/c5ta01129a,2
10.1002/anie.201804886,2
10.1002/asia.201701790,2
10.1016/j.orgel.2017.07.050,2
10.1021/acsomega.8b01626,2
10.1039/c5ra27122c,2
10.1039/c4ta04385e,2
10.1039/c6ee03182j,2
10.1016/j.nanoen.2016.12.043,2
10.1016/j.optmat.2019.05.015,2
10.1002/adma.201701077,2
10.1016/j.jechem.2018.06.013,2
10.1039/c8me00036k,2
10.1016/j.mtener.2017.09.006,2
10.1039/c5ta02843d,2
10.1021/acsami.7b10101,2
10.1002/admi.201900400,2
10.1002/solr.201700213,2
10.1007/s12274-014-0662-1,2
10.1039/c3nr05884k,2
10.1021/acsami.9b02434,2
10.1039/c8ta04794d,2
10.1007/s10854-018-8902-x,2
10.1039/c4ta05728g,2
10.1016/j.nanoen.2019.01.059,2
10.1039/c4ee01076k,2
10.1016/j.nanoen.2017.02.017,2
10.1016/j.electacta.2018.06.112,2
10.1016/j.orgel.2019.03.053,2
10.1016/j.jpowsour.2019.04.041,2
10.1002/anie.201505882,2
10.1038/ncomms6784,2
10.1088/1361-6528/aaa054,2
10.1021/acsami.6b11393,2
10.1007/s40843-017-9117-4,2
10.1002/anie.201309361,2
10.1039/c7tc05238c,2
10.1002/adfm.201602519,2
10.1016/j.solmat.2015.09.041,2
10.1002/pssr.201409330,2
10.1088/1361-6528/aa6707,2
10.1016/j.electacta.2016.07.047,2
10.1002/smll.201602808,2
10.1016/j.solener.2014.11.016,2
10.1002/admi.201600593,2
10.1039/c4ee03322a,2
10.7567/JJAP.56.090305,2
10.1039/c4cp03726j,2
10.1021/acsami.7b03694,2
10.1002/smll.201600326,2
10.1039/c9cp00564a,2
10.1002/cssc.201402566,2
10.1109/JPHOTOV.2017.2751506,2
10.1039/c5ta09249c,2
10.1021/acsami.7b15310,2
10.1021/acsami.7b12476,2
10.1088/2053-1591/3/4/045022,2
10.1002/admi.201600571,2
10.1021/acsami.7b03126,2
10.7567/JJAP.57.03EJ06,2
10.1002/adma.201604545,2
10.1021/acsenergylett.9b00892,2
10.1002/adfm.201502553,2
10.1039/c8tc02133c,2
10.1002/cssc.201901430,2
10.1039/c6ta08215g,2
10.1039/c7ta08824h,2
10.1016/j.nanoen.2019.06.034,2
10.7567/JJAP.55.02BF08,2
10.1021/acsami.6b12268,2
10.1016/j.electacta.2018.05.114,2
10.1021/acs.jpclett.8b02824,2
10.1126/sciadv.aaw2543,2
10.1002/aenm.201602807,2
10.1039/c6cc07573h,2
10.1016/j.solener.2017.04.028,2
10.1021/acsaem.8b00844,2
10.1016/j.cap.2018.05.022,2
10.1039/c8ta11985f,2
10.1002/adfm.201803943,2
10.1016/j.joule.2018.06.013,2
10.1016/j.electacta.2018.11.066,2
10.1063/1.4891181,2
10.1021/acs.jpcc.8b03329,2
10.1016/j.tsf.2016.10.058,2
10.1016/j.nanoen.2015.05.027,2
10.1039/c7qi00685c,2
10.5757/ASCT.2018.27.6.156,2
10.1039/c7ta02203d,2
10.1039/c7tc04899h,2
10.1021/acs.nanolett.5b00788,2
10.1063/1.5045277,2
10.1002/cssc.201701470,2
10.1016/j.solmat.2019.02.014,2
10.1002/aenm.201501520,2
10.1021/nn500526t,2
10.1002/adma.201402415,2
10.1039/c5ta08772d,2
10.1002/adfm.201605988,2
10.1002/adma.201707143,2
10.1039/c7nr03530f,2
10.1002/aenm.201701981,2
10.1016/j.cplett.2017.09.031,2
10.1021/nl500627x,2
10.1039/c6ta04616a,2
10.1039/c8ta05444d,2
10.1149/07401.0285ecst,2
10.1002/cssc.201702221,2
10.1016/j.orgel.2018.06.020,2
10.1039/c6ta09922j,2
10.3390/cryst6110149,2
10.1016/j.dyepig.2017.08.007,2
10.1016/j.cap.2016.08.002,2
10.1039/c4ta02635g,2
10.1039/c4cp03073g,2
10.1021/acsami.6b11341,2
10.1021/acs.jpcc.6b05775,2
10.1021/acsami.6b05971,2
10.1039/c4cc01637h,2
10.1002/anie.201503038,2
10.1021/acsenergylett.7b00981,2
10.1039/c6se00077k,2
10.1088/1742-6596/877/1/012046,2
10.1002/adma.201705176,2
10.1002/adfm.201800346,2
10.1016/j.electacta.2019.06.102,2
10.1088/1361-6528/aaf2ad,2
10.1039/c6ta05727f,2
10.1039/c4ee03907f,2
10.1016/j.jpowsour.2016.12.027,2
10.1021/acsami.7b11250,2
10.1063/1.4864638,2
10.1002/aelm.201800500,2
10.1246/cl.151007,2
10.1002/asia.201501379,2
10.1039/c7ta00362e,2
10.1039/c5ta06458a,2
10.1021/acsami.6b12782,2
10.1007/s40843-018-9355-0,2
10.1246/cl.150385,2
10.1016/j.solmat.2019.02.003,2
10.1016/j.nanoen.2019.04.073,2
10.1016/j.jiec.2018.05.013,2
10.1002/cssc.201700271,2
10.1039/c8se00451j,2
10.1039/c5ta01155h,2
10.1038/srep08704,2
10.1021/jz5017069,2
10.1002/adma.201500048,2
10.1088/1757-899X/182/1/012001,2
10.1002/admi.201801118,2
10.1016/j.tsf.2018.05.052,2
10.1016/j.ceramint.2019.03.159,2
10.1021/acsenergylett.8b00217,2
10.1002/cssc.201600887,2
10.1007/s40843-017-9014-9,2
10.1021/am504320h,2
10.1002/adma.201504555,2
10.1021/acsami.6b12845,2
10.1002/solr.201700066,2
10.1109/JPHOTOV.2018.2888835,2
10.1117/1.OE.58.1.017103,2
10.1021/acs.jpclett.5b00010,2
10.1021/acsami.8b06619,2
10.1116/1.5077098,2
10.1002/adma.201900111,2
10.1021/jp509183k,2
10.1016/j.solmat.2018.11.020,2
10.1016/j.materresbull.2018.06.014,2
10.1016/j.jechem.2015.10.017,2
10.1063/1.5061821,2
10.1016/j.nanoen.2019.104186,2
10.1021/acsaem.9b01567,2
10.1002/solr.201900413,2
10.1016/j.solmat.2019.110289,2
10.1002/solr.201800354,2
10.1016/j.jechem.2019.08.015,2
10.1002/admi.201901584,2
10.1016/j.tsf.2019.137694,2
10.1016/j.joule.2019.04.012,2
10.1002/adfm.201907962,2
10.1155/2020/5039192,2
10.1002/advs.201901840,2
10.1016/j.mtener.2019.01.002,2
10.1038/s42004-019-0195-3,2
10.1126/sciadv.aay0414,2
10.1016/j.nanoen.2019.104267,2
10.1016/j.solener.2019.09.095,2
10.1016/j.electacta.2019.135325,2
10.1021/acsami.9b17241,2
10.1002/admt.201600074,2
10.1016/j.solmat.2016.11.021,2
10.1021/acs.chemmater.6b00964,2
10.1007/s00339-019-2383-5,2
10.1016/j.electacta.2017.05.184,2
10.1088/0957-4484/27/2/024004,2
10.7567/JJAP.55.01AE09,2
10.1002/cssc.201501665,2
10.1021/acs.jpcc.7b00847,2
10.1088/1361-6528/aacf7c,2
10.1039/c7ta01517h,2
10.1039/c4ta05413j,2
10.1016/j.electacta.2017.03.139,2
10.1021/acsaem.7b00194,2
10.1002/aelm.201600438,2
10.1021/acsami.7b12135,2
10.1039/c7ra10294a,2
10.1016/j.scib.2019.04.009,2
10.1002/solr.201800048,2
10.1002/adfm.201602736,2
10.1117/12.2061405,2
10.1002/solr.201800075,2
10.3390/cryst7080252,2
10.1039/c8se00282g,2
10.1039/c8ta08287a,2
10.1039/c5ta04028k,2
10.1039/c6ta04332a,2
10.1088/2053-1591/aadb46,2
10.1016/j.poly.2018.01.034,2
10.1021/acs.jpcc.6b05298,2
10.1246/cl.150888,2
10.1557/mrc.2017.52,2
10.1021/acsenergylett.9b00351,2
10.1088/1757-899X/289/1/012001,2
10.1039/c8tc04475a,2
10.1007/s12274-014-0534-8,2
10.1002/solr.201700209,2
10.2109/jcersj2.15322,2
10.1039/c7nr09657g,2
10.1002/celc.201900688,2
10.1002/adfm.201706073,2
10.1155/2016/8947597,2
10.1021/acsami.7b10987,2
10.1021/acsami.9b03298,2
10.1021/acs.jpclett.5b02014,2
10.1002/adfm.201904072,2
10.1039/c9tc00812h,2
10.1039/c5ta06172e,2
10.1021/jz500833z,2
10.1063/1.5093864,2
10.1016/j.cap.2017.07.005,2
10.1016/j.nanoen.2016.07.022,2
10.1021/acsami.8b03532,2
10.7498/aps.64.038403,2
10.1016/j.solener.2017.12.045,2
10.1038/s41598-018-33987-7,2
10.1016/j.solmat.2017.01.005,2
10.1142/S1793604718500091,2
10.1021/acsenergylett.9b01262,2
10.1016/j.nanoen.2016.10.026,2
10.1016/j.nanoen.2018.07.063,2
10.1021/acsenergylett.9b00880,2
10.1016/j.tsf.2018.02.022,2
10.1039/c5ee03560k,2
10.1063/1.5009040,2
10.1039/c6nr03021a,2
10.1002/ente.201700374,2
10.1016/j.matlet.2018.02.055,2
10.1021/acsami.8b05956,2
10.1039/c8ra07800a,2
10.1021/ja512518r,2
10.1186/s11671-016-1811-0,2
10.1039/c5ta06574g,2
10.1021/acs.jpcc.7b07061,2
10.1002/adom.201900018,2
10.1021/acs.chemmater.9b00478,2
10.1166/jnn.2018.16064,2
10.1002/adma.201707350,2
10.1039/c8tc00086g,2
10.1039/c6ra18729c,2
10.1021/acsaem.9b00452,2
10.1039/c5ta05741h,2
10.1039/c8se00213d,2
10.1039/c5cp01534k,2
10.1117/12.2237085,2
10.1002/solr.201800055,2
10.1021/acs.chemmater.6b05159,2
10.1021/acssuschemeng.8b05653,2
10.1007/s10854-018-9785-6,2
10.1021/acsomega.8b00555,2
10.1016/j.orgel.2017.06.023,2
10.1021/acsaem.7b00300,2
10.1109/JPHOTOV.2017.2762525,2
10.1039/c7cp02715j,2
10.1016/j.cplett.2017.09.013,2
10.1166/jnn.2019.16678,2
10.1002/adfm.201701818,2
10.1002/advs.201700675,2
10.1021/acsami.7b02717,2
10.1016/j.matlet.2018.04.040,2
10.1039/c8tc05837g,2
10.1021/acsami.7b15229,2
10.1002/adfm.201809129,2
10.1002/solr.201800173,2
10.1002/smll.201503361,2
10.1021/acsami.8b20899,2
10.1246/cl.160298,2
10.1016/j.nanoen.2019.01.014,2
10.1016/j.solmat.2017.04.043,2
10.1021/acsami.6b05770,2
10.1002/anie.201902984,2
10.1021/acsami.9b20981,2
10.1021/acsami.9b21628,2
10.1021/acsaem.9b01672,2
10.1021/acssuschemeng.9b05678,2
10.1002/advs.201902656,2
10.1016/j.nanoen.2016.08.048,2
10.1002/adfm.201900964,2
10.1038/s41560-018-0219-8,2
10.1039/c8dt03680b,2
10.1021/acsami.6b12627,2
10.1016/j.jpowsour.2018.04.086,2
10.1016/j.jpowsour.2018.04.049,2
10.1016/j.jpowsour.2018.11.089,2
10.1016/j.apsusc.2019.04.069,2
10.1016/j.electacta.2018.09.195,2
10.1002/ente.201600517,2
10.1002/ente.201800986,2
10.1021/acssuschemeng.8b02500,2
10.1021/acsami.6b09063,2
10.1016/j.jpowsour.2015.12.003,2
10.1039/c8ta01237g,2
10.1021/acs.chemmater.7b03227,2
10.1021/jacs.6b04924,2
10.1080/15421406.2018.1456043,2
10.1002/adma.201502610,2
10.1021/jacs.6b10049,2
10.1007/s40843-016-5159-x,2
10.1021/acsami.6b10418,2
10.1016/j.solmat.2016.04.034,2
10.1016/j.electacta.2018.09.196,2
10.1039/c8ta06970k,2
10.1039/c8ta00583d,2
10.1002/cssc.201801434,2
10.1002/aenm.201602610,2
10.1002/aenm.201401943,2
10.1016/j.jallcom.2018.04.283,2
10.1021/acsami.8b08658,2
10.1016/j.solener.2018.11.005,2
10.1021/acs.jpcc.9b10407,2
10.1002/solr.201900489,2
10.1021/acsaem.9b02037,2
10.1002/advs.201902474,2
10.1016/j.jpowsour.2019.227504,2
10.1021/acs.jpclett.9b00750,2
10.1021/acsami.7b03081,2
10.1021/acsami.7b16912,2
10.1002/anie.201814024,2
10.1016/j.tsf.2018.04.017,2
10.1021/acsnano.5b04284,2
10.1021/acs.orglett.8b01295,2
10.1039/c6ta04465d,2
10.1039/c5ra12004g,2
10.1002/admi.201700043,2
10.1007/s10854-018-9054-8,2
10.1002/adfm.201900991,2
10.1063/1.4999630,2
10.1016/j.orgel.2019.03.004,2
10.1002/adma.201501333,2
10.1039/c6cp05006a,2
10.1039/c7se00036g,2
10.1039/c3ta13606j,2
10.1002/adfm.201800110,2
10.1021/acsami.7b06816,2
10.1021/acsenergylett.8b00576,2
10.1039/c6ta07671h,2
10.1021/acs.jpclett.8b03352,2
10.1002/solr.202100906,2
10.1016/j.jcis.2021.07.147,2
10.1016/j.nanoen.2017.04.031,2
10.1039/c6ra12126h,2
10.1016/j.joule.2019.09.020,2
10.1021/acs.inorgchem.9b01439,2
10.1016/j.nanoen.2019.104244,2
10.1016/j.nanoen.2019.104245,2
10.1021/acsaem.9b00547,2
10.1002/inf2.12345,2
10.1021/acsaem.9b00850,2
10.1016/j.nanoen.2020.104917,2
10.1002/solr.202000384,2
10.1002/admi.201901748,2
10.1016/j.solener.2019.11.004,2
10.1002/solr.201900345,2
10.3390/ma15093185,2
10.1002/solr.201900189,2
10.1002/cssc.201902488,2
10.1016/j.electacta.2019.135280,2
10.1038/s41586-022-04455-0,2
10.1063/1.5012135,2
10.1016/j.jpowsour.2018.04.026,2
10.1016/j.solener.2016.07.035,2
10.1186/s11671-016-1601-8,2
10.1016/j.nanoen.2018.01.035,2
10.1007/s10854-019-01106-5,2
10.1021/acsami.6b15673,2
10.1021/acs.chemmater.6b00858,2
10.1021/acs.jpclett.5b01426,2
10.1039/c6ee02544g,2
10.1007/s11581-017-2256-x,2
10.1246/cl.180719,2
10.1016/j.ijleo.2019.04.052,2
10.1021/acsaem.8b01202,2
10.1039/c7tc03733c,2
10.1021/acsami.9b16194,2
10.1039/c9nr05776e,2
10.1039/c9ta12736d,2
10.1002/solr.201900132,2
10.1002/solr.201900053,2
10.1016/j.mattod.2019.04.021,2
10.1016/j.solener.2019.09.065,2
10.1021/acsenergylett.9b02272,2
10.1016/j.cej.2019.123273,2
10.1002/aenm.201902583,2
10.1021/acsaem.9b01160,2
10.1021/acsaem.9b00709,2
10.1002/solr.201900154,2
10.1021/acsami.9b15820,2
10.1002/adfm.201906615,2
10.1016/j.nanoen.2019.104224,2
10.1016/j.jpowsour.2019.227389,2
10.1063/1.5131300,2
10.1002/ente.201900990,2
10.1016/j.nanoen.2019.104098,2
10.1039/c9cc08102j,2
10.1002/solr.201900467,2
10.1016/j.joule.2019.08.023,2
10.1021/acsami.7b15263,2
10.1021/acs.inorgchem.5b01896,2
10.1016/j.orgel.2019.05.003,2
10.1016/j.jallcom.2016.04.194,2
10.1063/1.4953397,2
10.1117/12.2213249,2
10.1039/c8cp00563j,2
10.1007/s10854-019-01561-0,2
10.1039/c5nr07457f,2
10.1021/acs.jpcc.6b05255,2
10.1016/j.solener.2019.05.055,2
10.1002/aenm.201700118,2
10.1016/j.orgel.2018.12.030,2
10.1002/anie.201408638,2
10.1021/acsami.6b00846,2
10.1016/j.tsf.2017.03.036,2
10.1021/jacs.5b04930,2
10.1002/anie.201902418,2
10.1016/j.orgel.2016.10.017,2
10.1039/c8ta09340g,2
10.1002/adma.201805085,2
10.1002/aenm.201601882,2
10.1063/1.4917238,2
10.1039/c6ta09117b,2
10.1039/c7ta07663k,2
10.1021/acs.jpcc.7b04469,2
10.1080/14686996.2017.1406777,2
10.1039/c7se00094d,2
10.1126/science.aap8671,2
10.1002/solr.201800232,2
10.1002/adfm.201504949,2
10.1016/j.optmat.2017.01.019,2
10.1246/cl.150249,2
10.1021/acsenergylett.7b00258,2
10.1016/j.nanoen.2018.02.014,2
10.1039/c5ta09431c,2
10.1039/c8tc04231d,2
10.1039/c5ta09165a,2
10.1016/j.mtener.2018.03.003,2
10.1002/slct.201700025,2
10.1002/adfm.201505127,2
10.1063/1.5042299,2
10.1039/c6ra19582b,2
10.1002/smll.201601543,2
10.1016/j.solmat.2015.06.002,2
10.1016/j.orgel.2015.07.057,2
10.1039/c5ee03522h,2
10.1021/acsami.5b08421,2
10.1002/aenm.201700414,2
10.1002/aenm.201701378,2
10.1002/pip.2716,2
10.1016/j.nanoen.2018.11.068,2
10.1186/s11671-017-2393-1,2
10.1016/j.orgel.2018.04.017,2
10.1002/cnma.201800375,2
10.1016/j.materresbull.2017.09.054,2
10.1016/j.materresbull.2017.01.035,2
10.1002/aenm.201702256,2
10.1016/j.orgel.2019.03.035,2
10.1016/j.tsf.2018.12.029,2
10.1039/c4ta03658a,2
10.1021/jp510837q,2
10.1039/c6ee00413j,2
10.1016/j.cclet.2015.09.022,2
10.1002/solr.201900104,2
10.1002/solr.202000282,2
10.1016/j.jallcom.2020.155711,2
10.1002/aenm.202000694,2
10.1002/aenm.201700758,2
10.1021/acsaem.8b00926,2
10.1246/cl.150167,2
10.1038/s41598-019-45756-1,2
10.1021/cm503803u,2
10.1021/acs.jpcc.7b00760,2
10.1016/j.nanoen.2016.11.003,2
10.1039/c8ta08231f,2
10.1038/s41467-018-06687-z,2
10.1016/j.scriptamat.2019.02.032,2
10.1063/1.4974789,2
10.1039/C7CC01573A,2
10.1016/j.solener.2018.09.003,2
10.1016/j.jpowsour.2018.03.014,2
10.1016/j.jechem.2018.01.030,2
10.1063/1.5108656,2
10.1016/j.mtcomm.2019.05.013,2
10.1021/acsami.9b12323,2
10.1002/ente.201900877,2
10.1021/jacs.9b05083,2
10.1021/acssuschemeng.9b03148,2
10.1002/solr.201900146,2
10.1021/acsami.9b13375,2
10.1016/j.spmi.2016.12.012,2
10.1016/j.jpowsour.2018.11.031,2
10.1117/12.2217737,2
10.1002/adma.201702005,2
10.1016/j.jallcom.2020.156351,2
10.1039/d0ra02584d,2
10.1002/solr.202000189,2
10.35848/1347-4065/ab6866,2
10.1002/solr.202000164,2
10.1021/jacs.9b13418,2
10.1002/smll.202001551,2
10.1016/j.ceramint.2020.01.249,2
10.1039/c8ee01936c,2
10.1021/acsaem.9b02115,2
10.1002/aenm.202000454,2
10.1016/j.jallcom.2020.156329,2
10.1016/j.nanoen.2017.08.016,2
10.1021/acsami.8b22285,2
10.1002/advs.201700008,2
10.1016/j.solener.2018.08.033,2
10.1016/j.orgel.2018.09.034,2
10.1039/c6qm00379f,2
10.1039/c8ta09933b,2
10.1039/c6ta03284b,2
10.1039/c4ta03954h,2
10.1039/c6tc02238c,2
10.1021/acsami.9b21331,2
10.1016/j.solener.2019.12.040,2
10.1021/acsami.9b18217,2
10.3389/fmats.2019.00330,2
10.1021/acsami.5b04490,2
10.1016/j.orgel.2019.105403,2
10.1002/smll.201902878,2
10.1063/1.4941238,2
10.1021/acs.jpcc.6b08744,2
10.1039/c6ra04743b,2
10.1021/jp412407j,2
10.1002/smll.201403348,2
10.1002/anie.201805823,2
10.1246/cl.160281,2
10.3934/matersci.2017.4.956,2
10.1002/adfm.201903293,2
10.1039/c7ta00975e,2
10.1016/j.jallcom.2017.10.143,2
10.1039/c8ta05593a,2
10.1021/acssuschemeng.7b01556,2
10.17586/2220-8054-2017-8-4-540-545,2
10.1088/1674-1056/26/5/058401,2
10.1016/j.nanoen.2019.104014,2
10.1038/s41560-019-0471-6,2
10.1039/c4ra16253f,2
10.1016/j.orgel.2018.08.030,2
10.1021/acsomega.7b00940,2
10.1002/smll.201601769,2
10.1016/j.jpowsour.2019.04.008,2
10.1039/c4ra16385k,2
10.1016/j.jcis.2017.09.108,2
10.1021/acsami.7b06788,2
10.1016/j.nanoen.2017.08.008,2
10.1039/c8ta05234d,2
10.1039/c8ta05639k,2
10.1016/j.nanoen.2018.05.006,2
10.1016/j.nanoen.2018.05.010,2
10.1002/adfm.201601557,2
10.1039/c5ra02325d,2
10.1109/JPHOTOV.2016.2621341,2
10.1038/s41467-018-03757-0,2
10.1021/acsami.5b11286,2
10.1021/acsami.9b03884,2
10.1021/acs.jpcc.8b09595,2
10.1021/acs.nanolett.8b04778,2
10.1016/j.solener.2017.08.009,2
10.1002/adma.201607039,2
10.1002/solr.201800125,2
10.1002/pssa.201532442,2
10.1155/2019/8348237,2
10.1186/s11671-018-2714-z,2
10.1016/j.solener.2018.05.086,2
10.1021/acsami.6b13206,2
10.1002/cssc.201601711,2
10.1016/j.synthmet.2019.01.015,2
10.1007/s10008-018-4066-0,2
10.1039/c9nr10382a,2
10.1039/d0sc00362j,2
10.3390/nano10071322,2
10.1016/j.actamat.2020.03.036,2
10.1016/j.orgel.2019.105406,2
10.1016/j.orgel.2020.105805,2
10.1016/j.cej.2019.123677,2
10.1021/acsenergylett.0c00497,2
10.1021/acsenergylett.0c01130,2
10.1021/acsenergylett.9b02348,2
10.1002/solr.202000197,2
10.1021/acsami.0c02837,2
10.1021/acsami.9b23384,2
10.1039/c9tc05439a,2
10.1002/solr.202000288,2
10.1038/s41467-019-13909-5,2
10.1021/acs.jpclett.0c01776,2
10.1021/acs.jpclett.0c00923,2
10.1038/s41586-021-03285-w,2
10.1016/j.solmat.2019.110080,2
10.1021/acsenergylett.0c02656,2
10.1002/celc.202100957,2
10.1002/aenm.202201509,2
10.1016/j.joule.2018.06.009,1
10.1038/ncomms13503,1
10.1088/1361-6463/ab1626,1
10.1021/acs.jpcc.5b06269,1
10.1016/j.cej.2017.05.085,1
10.1039/c8qi00309b,1
10.1007/s11426-018-9436-1,1
10.1002/cphc.201600817,1
10.1021/acsphotonics.6b00582,1
10.1021/acs.jpclett.5b00953,1
10.1166/jnn.2019.16597,1
10.1021/acs.nanolett.6b02307,1
10.1039/c9cc05779j,1
10.1016/j.nanoen.2019.104044,1
10.1039/c9se00632j,1
10.1002/cssc.201802512,1
10.1002/smll.201905081,1
10.1016/j.jpowsour.2019.227157,1
10.1002/aenm.201901428,1
10.1002/solr.201900378,1
10.1038/s41586-019-1632-2,1
10.1002/adfm.201807707,1
10.1016/j.matlet.2016.01.114,1
10.1016/j.jpowsour.2016.02.010,1
10.1007/s12274-019-2336-5,1
10.1117/12.2275492,1
10.1016/j.solmat.2016.09.022,1
10.3390/ma9090747,1
10.1021/cm504022q,1
10.1016/j.matlet.2018.03.095,1
10.1039/c8nr00758f,1
10.1039/c6ee01889k,1
10.1016/j.joule.2019.03.010,1
10.1016/j.cap.2017.01.015,1
10.1016/j.solener.2019.05.045,1
10.1016/j.nanoen.2017.06.016,1
10.1246/cl.160994,1
10.1007/s13369-016-2339-4,1
10.1002/aenm.201800795,1
10.1039/c5cc06518f,1
10.1088/0957-4484/27/20/20LT01,1
10.1016/j.apsusc.2019.01.233,1
10.1016/j.mssp.2017.10.050,1
10.1002/pip.2916,1
10.1002/pip.2917,1
10.1002/pip.2918,1
10.1002/admi.201600580,1
10.1016/j.chempr.2017.03.012,1
10.1063/1.4928536,1
10.1063/1.4928537,1
10.1063/1.4928538,1
10.1021/acsaem.8b01809,1
10.1002/anie.201404973,1
10.1007/s10853-017-1084-8,1
10.1039/c8se00280k,1
10.1021/acsenergylett.8b01906,1
10.1021/acsaem.8b00671,1
10.1002/cssc.201700980,1
10.1002/aenm.201600014,1
10.1021/acsaem.9b00335,1
10.1002/adma.201805547,1
10.1021/acs.iecr.6b04478,1
10.1021/acs.jpcc.8b11783,1
10.1039/c8ee02362j,1
10.1007/s10854-016-5942-y,1
10.1039/c5mh00126a,1
10.1021/acsenergylett.6b00698,1
10.1021/nl500544c,1
10.4067/S0717-97072015000200017,1
10.1002/adma.201902870,1
10.1002/ese3.180,1
10.1039/c6mh00159a,1
10.1021/acsenergylett.7b00059,1
10.1021/acs.jpclett.5b02721,1
10.1002/adma.201405372,1
10.1039/c4ta04969a,1
10.1038/s41598-017-12436-x,1
10.1557/adv.2017.449,1
10.1016/j.cap.2019.08.014,1
10.1021/am503610u,1
10.1016/j.orgel.2019.06.039,1
10.1039/c9qi00547a,1
10.1134/S1063785019080303,1
10.1002/anie.201406466,1
10.1016/j.solener.2018.05.005,1
10.1002/adfm.201902656,1
10.1016/j.jpowsour.2016.04.098,1
10.1016/j.jallcom.2019.151817,1
10.1002/solr.201900218,1
10.1002/adma.201304803,1
10.1021/acsami.9b07651,1
10.1002/cphc.201900068,1
10.7498/aps.66.018401,1
10.1039/c4ta05762g,1
10.1039/c6ee02013e,1
10.1002/aenm.201601307,1
10.1021/acssuschemeng.8b06248,1
10.1016/j.apsusc.2017.12.085,1
10.1016/j.solener.2019.12.056,1
10.1021/acs.jpcc.9b11483,1
10.1016/j.apsusc.2019.05.068,1
10.1016/j.apsusc.2019.05.069,1
10.1109/IC3.2018.00-29,1
10.1021/jacs.5b08535,1
10.1016/j.solmat.2017.07.043,1
10.1021/acs.jpclett.7b03062,1
10.1021/acs.jpcc.9b09035,1
10.1016/j.scib.2019.08.029,1
10.1021/acs.jpclett.5b01696,1
10.1039/c4ee02539c,1
10.1002/anie.201811497,1
10.1016/j.orgel.2017.06.056,1
10.1021/acs.nanolett.7b00289,1
10.7567/APEX.10.076601,1
10.1002/cssc.201600913,1
10.1021/acsaem.8b02014,1
10.1016/j.nanoen.2015.12.013,1
10.1002/cssc.201600933,1
10.3390/ma11122407,1
10.1038/ncomms4834,1
10.1246/cl.150982,1
10.1016/j.nanoen.2018.07.060,1
10.1039/c9ta00299e,1
10.1016/j.jallcom.2017.10.046,1
10.1039/c5ra27840f,1
10.1039/c5ra12530h,1
10.1002/smll.201802240,1
10.1016/j.tsf.2018.07.014,1
10.1038/s41598-017-09109-0,1
10.1021/acsenergylett.8b02262,1
10.1016/j.ceramint.2019.05.304,1
10.1080/15421406.2019.1648042,1
10.1016/j.solener.2019.08.080,1
10.1016/j.nanoen.2016.02.057,1
10.1063/1.5031167,1
10.1016/j.tsf.2018.05.005,1
10.1016/j.solmat.2018.07.032,1
10.1016/j.nanoen.2019.06.029,1
10.1038/ncomms11735,1
10.1038/s41598-018-31184-0,1
10.1016/j.cplett.2017.04.046,1
10.1021/acsami.7b11434,1
10.1016/j.solmat.2016.01.035,1
10.1016/j.nanoen.2017.02.002,1
10.1016/j.nanoen.2018.07.028,1
10.1016/j.solmat.2015.09.063,1
10.1246/cl.170494,1
10.1186/s11671-017-2430-0,1
10.1039/c8ee00928g,1
10.1021/acsaem.8b01623,1
10.1039/c7cc02447a,1
10.1021/jacs.6b00142,1
10.1039/c4cp02113d,1
10.1063/1.4980525,1
10.1002/solr.201700059,1
10.1016/j.solmat.2018.10.017,1
10.1109/JPHOTOV.2018.2820509,1
10.1002/adfm.201504477,1
10.1039/c8tc04723e,1
10.1016/j.jechem.2015.08.002,1
10.1126/science.aaa9272,1
10.1039/c9tc01209e,1
10.1002/pssr.201510389,1
10.1021/acsenergylett.7b00150,1
10.1039/c5ta01325a,1
10.1016/j.orgel.2018.05.008,1
10.1039/c9ra01301f,1
10.1063/1.5001326,1
10.1016/j.cej.2016.10.110,1
10.1039/c4ta01219d,1
10.1039/c8ee02469c,1
10.1016/j.solmat.2016.05.011,1
10.1016/j.solener.2016.05.032,1
10.1021/acsami.6b09056,1
10.1063/1.4890245,1
10.1088/1757-899X/515/1/012089,1
10.1038/NMAT4150,1
10.1016/j.nanoen.2015.08.016,1
10.1002/admi.201500420,1
10.1039/c6ra24247b,1
10.1016/j.jallcom.2016.09.038,1
10.1063/1.5053845,1
10.1039/c6ta10444d,1
10.1016/j.orgel.2017.07.025,1
10.1016/j.jechem.2015.10.007,1
10.1039/c7cp04132b,1
10.1038/s41467-019-08958-9,1
10.1088/1742-6596/1195/1/012025,1
10.1063/1.4890244,1
10.1016/j.matlet.2018.09.141,1
10.1063/1.4940368,1
10.1038/srep11424,1
10.1016/j.jallcom.2018.05.007,1
10.1016/j.mtener.2018.03.006,1
10.1021/acsami.7b06607,1
10.1016/j.matpr.2016.10.033,1
10.1016/j.solener.2019.07.081,1
10.1016/j.mssp.2018.01.028,1
10.1021/acsnano.5b03859,1
10.1002/cssc.201501332,1
10.1021/jacs.9b03463,1
10.1021/acsaem.8b01882,1
10.1002/adfm.201804128,1
10.1002/adma.201905144,1
10.1016/j.scib.2019.05.015,1
10.1002/anie.201408713,1
10.1126/science.1258307,1
10.1039/c4ee03224a,1
10.1016/j.orgel.2018.08.015,1
10.1039/c6ta04657f,1
10.1039/c6ta03263j,1
10.1002/anie.201609529,1
10.1016/j.chemphys.2019.110408,1
10.1088/1742-6596/776/1/012010,1
10.1039/c8ce00999f,1
10.1021/acsami.5b05477,1
10.1038/ncomms11574,1
10.1002/admt.201600183,1
10.1016/j.nanoen.2015.06.010,1
10.1021/acs.chemmater.8b04531,1
10.1021/acs.jpclett.8b01553,1
10.1021/jp411112k,1
10.1038/ncomms12555,1
10.1039/C5TA03802B,1
10.1039/C7CP00563F,1
10.1039/C7TC02652H,1
10.1371/journal.pone.0227920,1
10.1039/c5ee02925b,1
10.1021/acsnano.6b07916,1
10.1021/acs.jpclett.6b00002,1
10.1007/s11434-016-1147-2,1
10.1002/aenm.201601353,1
10.1021/jacs.6b08337,1
10.1002/anie.201705965,1
10.1186/s11671-016-1259-2,1
10.1109/PVSC.2015.7355719,1
10.1039/C6TA09922J,1
10.1021/acsaem.8b00222,1
10.1002/adma.201404598,1
10.1016/j.orgel.2017.12.027,1
10.1557/adv.2019.79,1
10.1002/aenm.201801935,1
10.1039/C5MH00126A,1
10.1039/C6EE00413J,1
10.1016/j.apmt.2016.03.002,1
10.1038/NPHOTON.2013.341,1
10.1039/C3EE43619E,1
10.1002/cssc.201500972,1
10.1002/aenm.201502202,1
10.1021/acsenergylett.7b00967,1
10.1039/C4RA03820G,1
10.1038/srep29910,1
10.1039/C5CC01103E,1
10.1021/ja411509g,1
10.1021/ja509245x,1
10.1021/jp512936z,1
10.1021/acsami.7b16627,1
10.1016/j.jechem.2018.01.007,1
10.1039/C5MH00170F,1
10.1002/advs.201500262,1
10.1016/j.jallcom.2018.02.006,1
10.1186/1556-276X-7-353,1
10.1063/1.4748888,1
10.1117/12.2023774,1
10.1039/c3ee42282h,1
10.1038/ncomms3885,1
10.1246/cl.130774,1
10.1021/acsami.6b06878,1
10.1021/acsenergylett.8b01498,1
10.3390/ma11050778,1
10.1039/c8cp91812k,1
10.1021/acsami.7b07192,1
10.1002/aenm.201401539,1
10.1002/aelm.201800978,1
10.1021/acs.chemmater.5b03169,1
10.1039/c5nr00225g,1
10.1002/smll.201802319,1
10.1016/j.solmat.2018.12.031,1
10.1021/acs.jpcc.5b10994,1
10.1016/j.orgel.2018.03.050,1
10.1002/adma.201805438,1
10.1002/adma.201806823,1
10.1016/j.proeng.2015.08.1126,1
10.1021/acs.jpcc.8b01121,1
10.1021/acsami.5b01789,1
10.1021/acsenergylett.6b00170,1
10.1021/jacs.5b03144,1
10.1007/s13391-017-6239-x,1
10.1039/c8ce00934a,1
10.1088/1742-6596/877/1/012043,1
10.1039/c6cp02896a,1
10.1016/j.carbon.2019.01.048,1
10.1039/c8ta07048b,1
10.1002/adma.201405171,1
10.1063/1.4944044,1
10.7567/1347-4065/ab1478,1
10.1039/c3ee43619e,1
10.1126/science.aad5845,1
10.1039/c5ta02779a,1
10.1021/acs.jpcc.9b04662,1
10.1016/j.solener.2017.06.026,1
10.1016/j.solener.2018.04.051,1
10.1016/j.nanoen.2016.02.015,1
10.1021/acsami.6b01246,1
10.1002/aenm.201701928,1
10.1002/solr.201800097,1
10.1016/j.solener.2019.04.020,1
10.1039/c7ta03881j,1
10.1038/srep09863,1
10.1016/j.electacta.2018.01.073,1
10.1016/j.orgel.2015.01.024,1
10.1039/c6ta06912f,1
10.1007/s10854-018-9931-1,1
10.1039/c6cp06486h,1
10.1007/s11434-016-0994-1,1
10.1515/zna-2019-0127,1
10.1002/cssc.201601387,1
10.1111/jace.14491,1
10.1002/adma.201703980,1
10.1039/c4ta04883k,1
10.1039/c4ta04007d,1
10.1002/aenm.201500799,1
10.1166/jnn.2017.15118,1
10.1016/j.solmat.2014.11.034,1
10.1002/pssr.201600004,1
10.1016/j.jallcom.2019.02.280,1
10.1016/j.solener.2015.07.030,1
10.1039/c7nr05687g,1
10.1002/advs.201900528,1
10.1021/acsaem.8b00178,1
10.1021/acsami.6b15975,1
10.1039/c5ra07176c,1
10.1021/acs.chemmater.7b02948,1
10.1016/j.solmat.2018.10.020,1
10.1016/j.solmat.2016.09.033,1
10.1039/c6cc01249c,1
10.1109/JPHOTOV.2018.2838443,1
10.1002/adma.201603326,1
10.1557/jmr.2016.272,1
10.1002/aenm.201602105,1
10.1016/j.solener.2018.11.050,1
10.1016/j.solener.2018.11.051,1
10.1016/j.solener.2018.11.052,1
10.1016/j.ces.2019.01.003,1
10.1088/1361-6463/aaa7cd,1
10.1002/anie.201606574,1
10.1021/acs.nanolett.6b02158,1
10.1038/s41598-017-13855-6,1
10.1021/acsami.9b02948,1
10.1016/j.nanoen.2017.11.009,1
10.1039/c7cp03116e,1
10.1007/s10854-019-00927-8,1
10.1039/c8ta06946h,1
10.1063/1.4960698,1
10.1186/s11671-015-1168-9,1
10.1021/acs.nanolett.5b03556,1
10.1021/acsenergylett.6b00093,1
10.1021/acsphotonics.7b00801,1
10.1021/acsnano.7b04762,1
10.1039/c4ee04064c,1
10.1039/c3ee43991g,1
10.1016/j.orgel.2017.02.041,1
10.1016/j.jpowsour.2015.05.106,1
10.1016/j.nanoen.2017.12.043,1
10.1002/aenm.201702722,1
10.1002/aenm.201803241,1
10.1002/aenm.201900284,1
10.1039/c9tc01770d,1
10.1002/aenm.201800007,1
10.1016/j.joule.2017.11.015,1
10.1039/c7ee00421d,1
10.1021/acsami.9b04308,1
10.1016/j.matlet.2017.01.047,1
10.1016/j.solmat.2016.07.037,1
10.3390/coatings8080256,1
10.1016/j.solmat.2018.08.017,1
10.1021/acsami.8b10190,1
10.1007/s12200-017-0716-6,1
10.1039/c9se00325h,1
10.1002/adma.201701656,1
10.1039/c7nr00784a,1
10.1021/acs.jpclett.7b01466,1
10.1002/adma.201902692,1
10.1063/1.4979865,1
10.1039/c6ra10072d,1
10.1016/j.solmat.2017.01.009,1
10.1039/c5nr08819d,1
10.1021/acs.jpclett.5b00967,1
10.1002/adfm.201808986,1
10.1021/acsenergylett.6b00402,1
10.1021/acsami.6b09326,1
10.1039/c6tc04864a,1
10.1038/ncomms9834,1
10.1039/c8ra03471k,1
10.1016/j.nanoen.2018.07.005,1
10.1016/j.nanoen.2019.01.026,1
10.1016/j.jcis.2019.09.088,1
10.1021/acsaem.9b01600,1
10.1039/c9ta09584e,1
10.1002/aenm.201900555,1
10.1016/j.egypro.2017.09.091,1
10.1021/acsami.8b17833,1
10.1039/c6ra08816c,1
10.1016/j.solmat.2017.05.021,1
10.1021/acsami.6b10278,1
10.1016/j.chempr.2016.10.002,1
10.1021/am502131t,1
10.3390/met9020120,1
10.1007/s10854-016-5351-2,1
10.1137/130934258,1
10.1126/science.aaa5333,1
10.1149/2.1131802jes,1
10.1002/aenm.201501537,1
10.1016/j.apsusc.2015.11.065,1
10.1002/asia.201600856,1
10.1016/j.orgel.2016.04.020,1
10.1002/aenm.201702197,1
10.1039/c6ta08979h,1
10.1039/c4ee02441a,1
10.1016/j.solener.2016.10.050,1
10.1021/acsami.8b14859,1
10.1039/c6ee00056h,1
10.1007/s11426-017-9141-9,1
10.1038/s41467-019-10124-0,1
10.1109/JPHOTOV.2016.2600344,1
10.1039/c7nr03265j,1
10.1021/acsaem.8b00866,1
10.1038/s41598-018-29363-0,1
10.1016/j.electacta.2018.04.178,1
10.1016/j.synthmet.2019.02.009,1
10.1002/aenm.201702937,1
10.1021/acs.jpclett.9b00618,1
10.1021/acs.jpclett.6b01111,1
10.1039/c4ta01550a,1
10.1021/jz502703p,1
10.1016/j.apsusc.2015.10.132,1
10.1021/acs.jpclett.6b01576,1
10.1039/c6ra05718g,1
10.1038/s41467-019-09167-0,1
10.1038/NENERGY.2015.16,1
10.1016/j.nanoen.2016.02.050,1
10.1016/j.cej.2017.11.189,1
10.1021/jp412627n,1
10.1002/adma.201405946,1
10.1088/1361-6463/ab1e2b,1
10.1002/aenm.201500829,1
10.1039/c9ta09336b,1
10.1002/aenm.201903357,1
10.3389/fchem.2019.00936,1
10.7567/APEX.10.094101,1
10.1039/c7nr04069e,1
10.1021/acsaem.9b00070,1
10.1021/acs.jpclett.5b01381,1
10.1039/c4cc07367c,1
10.1021/acsenergylett.8b00305,1
10.1002/adma.201605900,1
10.1039/c6cc03740b,1
10.1039/c4ta07030e,1
10.1021/jz5005285,1
10.1039/c8cp01259h,1
10.1109/JPHOTOV.2016.2521479,1
10.1109/JEDS.2018.2820319,1
10.1038/ncomms8326,1
10.1038/ncomms14556,1
10.1038/ncomms14557,1
10.1038/ncomms14558,1
10.1038/ncomms14559,1
10.1038/ncomms14560,1
10.1038/ncomms14561,1
10.1038/ncomms14562,1
10.1038/ncomms14563,1
10.1038/ncomms14564,1
10.1038/ncomms14565,1
10.1038/ncomms14566,1
10.1038/ncomms14567,1
10.1246/cl.190165,1
10.1039/c6ee02980a,1
10.1016/j.solmat.2018.01.020,1
10.1007/s13391-018-0095-1,1
10.1039/c5nr08458j,1
10.1002/anie.201812236,1
10.1002/aenm.201903092,1
10.1016/j.jallcom.2016.02.079,1
10.1007/s10854-018-0390-5,1
10.1039/c4ra03820g,1
10.1002/adma.201804771,1
10.1021/acs.jpclett.5b01327,1
10.1002/anie.201704188,1
10.1016/j.nanoen.2019.104247,1
10.1002/solr.201900283,1
10.1002/inf2.12307,1
10.1002/adfm.202112126,1
10.1016/j.solener.2022.01.033,1
10.3390/en14248401,1
10.1002/solr.201900263,1
10.1021/acsenergylett.0c01350,1
10.1021/acsaem.9b00769,1
10.1016/j.nanoen.2022.107078,1
10.1021/acsenergylett.2c00304,1
10.1002/solr.202200021,1
10.1021/acs.jpcc.1c09739,1
10.1016/j.jpowsour.2021.230848,1
10.1021/acsami.1c22020,1
10.1002/aenm.202102046,1
10.1126/science.aba3433,1
10.1002/solr.202000033,1
10.1016/j.nanoen.2020.105377,1
10.1016/j.electacta.2019.135427,1
10.1016/j.electacta.2019.135428,1
10.3390/nano9121666,1
10.1021/acs.jpcc.9b10186,1
10.1088/1674-4926/36/7/074003,1
10.1088/1674-4926/36/7/074004,1
10.1088/1674-4926/36/7/074005,1
10.1002/ente.201800572,1
10.1021/acsenergylett.7b00484,1
10.1007/s10854-019-01155-w,1
10.1016/j.solmat.2018.03.024,1
10.1557/adv.2017.508,1
10.1002/solr.201700097,1
10.1016/j.matlet.2018.01.090,1
10.1039/c6tc00650g,1
10.1109/JPHOTOV.2019.2896995,1
10.1002/cssc.201801306,1
10.1117/12.2247659,1
10.1002/admi.201800224,1
10.1007/s40843-018-9300-6,1
10.1021/acsami.9b10828,1
10.1016/j.renene.2019.07.119,1
10.1002/adfm.201500335,1
10.1038/srep38150,1
10.1016/j.spmi.2018.07.041,1
10.1063/1.4994957,1
10.1126/science.1254050,1
10.1039/c5ta10155g,1
10.1016/j.jpowsour.2016.11.047,1
10.1039/c7ta05560a,1
10.1016/j.solener.2018.10.004,1
10.1039/c6nr01043a,1
10.1021/am5001773,1
10.1039/c5ra19343e,1
10.1016/j.electacta.2018.02.026,1
10.1021/acsami.5b02124,1
10.1039/c5ta06156c,1
10.1038/srep34675,1
10.1021/ja505556s,1
10.1021/acsami.8b15578,1
10.1039/c7qi00667e,1
10.1021/acscatal.6b01772,1
10.1016/j.scib.2018.02.004,1
10.1021/acsaem.8b01263,1
10.1002/admt.201900131,1
10.1039/c4cc07518h,1
10.1038/ncomms4461,1
10.1038/ncomms15882,1
10.1016/j.matlet.2018.09.117,1
10.1021/acsami.9b05700,1
10.1021/acsami.9b04373,1
10.1186/s11671-018-2626-y,1
10.1039/c6ta00230g,1
10.1039/c4cp04479g,1
10.1166/jnn.2018.14904,1
10.1021/acs.jpcc.7b06711,1
10.1007/s10853-018-2571-2,1
10.1021/acsenergylett.6b00393,1
10.1039/c7tc03482b,1
10.1016/j.nanoen.2019.06.049,1
10.1021/acsnano.6b02965,1
10.1021/acs.chemmater.7b03751,1
10.1016/j.solmat.2016.09.012,1
10.1134/S1063782619040213,1
10.1039/d0ra01640c,1
10.1039/c7cp03106h,1
10.1039/c4nr06982j,1
10.1039/c8ta08998a,1
10.1016/j.sse.2018.02.008,1
10.1007/s13233-017-5101-1,1
10.1002/adfm.201905739,1
10.1039/c6ee01411a,1
10.1039/c9se00102f,1
10.3390/ma12101644,1
10.1021/acsami.9b09952,1
10.1109/JPHOTOV.2018.2861752,1
10.1016/j.orgel.2019.06.013,1
10.1002/admi.202000041,1
10.1021/acs.chemmater.0c00345,1
10.1002/ente.202000513,1
10.3389/fenrg.2020.00100,1
10.1016/j.matpr.2020.01.587,1
10.1007/s11051-019-4545-y,1
10.1039/c4cp03573a,1
10.1039/c7ra04235c,1
10.1039/c5ta01246e,1
10.1002/aenm.201500963,1
10.1021/acsenergylett.6b00320,1
10.1021/acs.jpcc.7b06199,1
10.1021/acs.jpcc.5b02561,1
10.1007/s10853-017-1890-z,1
10.1021/acs.jpclett.6b00238,1
10.1186/s11671-018-2556-8,1
10.1016/j.orgel.2019.05.008,1
10.1021/acsami.5b09182,1
10.1002/aenm.201903553,1
10.1109/JPHOTOV.2014.2364115,1
10.1039/c7ee00420f,1
10.1038/s41467-019-08364-1,1
10.1002/solr.201800191,1
10.1039/c6cp01427e,1
10.1021/acsami.8b07298,1
10.1063/1.4967817,1
10.1002/aenm.201600330,1
10.1016/j.nanoen.2016.08.038,1
10.3390/nano9020286,1
10.1038/s41467-018-04430-2,1
10.1007/s42452-019-0633-y,1
10.1016/j.cej.2019.122298,1
10.1021/jacs.7b11332,1
10.1002/aenm.201700946,1
10.1088/1674-4926/38/1/014003,1
10.1007/s12274-018-2103-z,1
10.1038/NENERGY.2016.142,1
10.1021/acsaem.9b00130,1
10.1002/adma.201505480,1
10.1002/aenm.201602159,1
10.1002/aelm.201600426,1
10.1016/j.solener.2015.09.046,1
10.1002/aenm.201701151,1
10.1038/s41598-019-46199-4,1
10.1021/acsenergylett.8b01483,1
10.1016/j.jechem.2017.09.016,1
10.1016/j.jechem.2017.09.017,1
10.1021/acsenergylett.8b01920,1
10.1021/acsnano.9b00125,1
10.1039/c6ra19476a,1
10.1039/c5cc01103e,1
10.1016/j.apsusc.2015.09.254,1
10.7567/APEX.7.032302,1
10.1016/j.solmat.2016.03.035,1
10.1016/j.matdes.2016.12.018,1
10.1039/C7TC01248A,1
10.1016/j.apsusc.2018.09.002,1
10.1016/j.mssp.2020.105016,1
10.1021/acsami.9b20493,1
10.1016/j.nanoen.2020.104505,1
10.1126/science.abb7167,1
10.1126/science.abf7652,1
10.1002/cssc.201700159,1
10.1063/1.4766279,1
10.1021/acsenergylett.1c02836,1
10.1021/acsenergylett.1c02847,1
10.1021/acsenergylett.1c02853,1
10.1109/JPHOTOV.2019.2927927,1
10.1002/adfm.202105734,1
https://www.nature.com/articles/s41586-021-04372-8/tables/1,1
10.1002/solr.202100391,1
10.1039/c8se00154e,1
10.1021/acsaem.0c01308,1
10.1126/science.add7331,1
